smiles,EC50_drer,EC50_dmag,EC50_rsub,EC50_scos
C(C(C(F)(F)S(=O)(=O)O)(F)F)(C(F)(F)F)(F)F,0,,0,
C1=CC=C2C(=C1)C=CC3=CC=CC=C3N2C(=O)N,0,0,0,
C1[C@H]([C@@H]([C@H]([C@@H]([C@H]1N)O[C@@H]2[C@@H]([C@H]([C@@H]([C@H](O2)CN)O)O)N)O[C@H]3[C@@H]([C@@H]([C@H](O3)CO)O[C@@H]4[C@@H]([C@H]([C@@H]([C@@H](O4)CN)O)O)N)O)O)N,0,0,,
CC(=O)NP(=O)(OC)SC,0,0,,0
CC(=O)N[C@@H](CS)C(=O)O,0,,,
CC(C)(C)OC,0,,,
CC(C)CC1=CC=C(C=C1)C(C)C(=O)O,0,0,,1
CC(C1=CC(=CC=C1)C(=O)C2=CC=CC=C2)C(=O)O,0,,1,
CC1([C@@H](N2[C@H](S1)[C@@H](C2=O)NC(=O)[C@@H](C3=CC=C(C=C3)O)N)C(=O)O)C,0,0,0,
CC1=C(C2=C(N1C(=O)C3=CC=C(C=C3)Cl)C=CC(=C2)OC)CC(=O)O,0,,,
CC1=CC(=NO1)NS(=O)(=O)C2=CC=C(C=C2)N,0,0,1,
CC1=NC=C(N1CCO)[N+](=O)[O-],0,0,0,
CCC1(CCC(=O)NC1=O)C2=CC=C(C=C2)N,0,,,
CCCC(C)C1(C(=O)NC(=O)NC1=O)CC,0,,,
CCCCOC(=O)C1=CC=CC=C1C(=O)O,0,0,0,
CCCCS(=N)(=O)CC[C@@H](C(=O)O)N,0,,,
CCNC1=NC(=NC(=N1)Cl)NCC,0,1,1,1
CC[C@@H]1[C@@]([C@@H]([C@H](C(=O)[C@@H](C[C@@]([C@@H]([C@H]([C@@H]([C@H](C(=O)O1)C)O[C@H]2C[C@@]([C@H]([C@@H](O2)C)O)(C)OC)C)O[C@H]3[C@@H]([C@H](C[C@H](O3)C)N(C)C)O)(C)O)C)C)O)(C)O,0,0,1,
CC[C@@H]1[C@@]([C@@H]([C@H](C(=O)[C@@H](C[C@@]([C@@H]([C@H]([C@@H]([C@H](C(=O)O1)C)O[C@H]2C[C@@]([C@H]([C@@H](O2)C)O)(C)OC)C)O[C@H]3[C@@H]([C@H](C[C@H](O3)C)N(C)C)O)(C)OC)C)C)O)(C)O,0,,1,
CN1C=NC2=C1C(=O)N(C(=O)N2C)C,0,0,0,
CN\1COCN(/C1=N/[N+](=O)[O-])CC2=CN=C(S2)Cl,0,0,0,
C[C@@H](C1=CC2=C(C=C1)C=C(C=C2)OC)C(=O)O,0,0,,
C[C@@H]1C[C@H]2[C@@H]3CCC4=CC(=O)C=C[C@@]4([C@]3([C@H](C[C@@]2([C@]1(C(=O)CO)O)C)O)F)C,0,,,
C[C@@]1([C@H]2[C@@H]([C@H]3[C@@H](C(=O)C(=C([C@]3(C(=O)C2=C(C4=C1C=CC=C4O)O)O)O)C(=O)N)N(C)C)O)O,0,0,1,
C[C@]12CCC(=O)C=C1CC[C@@H]3[C@@H]2[C@H](C[C@]4([C@H]3CC[C@@]4(C(=O)CO)O)C)O,0,,,
C(=C(Cl)Cl)(C(=C(Cl)Cl)Cl)Cl,1,,,
C(=C(Cl)Cl)(Cl)Cl,1,1,0,0
C(=N)(N)N[N+](=O)[O-],0,0,,
C(=O)(C(C(C(C(C(C(C(F)(F)F)(F)F)(F)F)(F)F)(F)F)(F)F)(F)F)O,0,0,0,
C(=O)(C(C(C(F)(F)F)(F)F)(F)F)O,0,0,,
C(=O)(N)N,1,0,,
C(C(=O)O)NCP(=O)(O)O,0,0,0,0
C(C(C(C(C(F)(F)S(=O)(=O)O)(F)F)(F)F)(F)F)(C(C(C(F)(F)F)(F)F)(F)F)(F)F,0,0,0,
C(CC(CBr)(C#N)Br)C#N,1,1,,
C(CCl)OP(=O)(OCCCl)OCCCl,0,0,0,
C(CO)N,0,,1,
C(Cl)Cl,0,0,0,0
C1(=C(C(=C(C(=C1Cl)Cl)Cl)Cl)Cl)O,1,1,1,1
C1(=C(C(=NC(=C1Cl)Cl)C(=O)O)Cl)N,0,0,0,
C1(C(C(C(C(C1Cl)Cl)Cl)Cl)Cl)Cl,1,1,,
C1=C(C=C(C(=C1Cl)O)Cl)Cl,1,1,1,
C1=C(C=C(C=C1Cl)Cl)N,1,1,0,
C1=CC(=C(C(=C1)Cl)C#N)Cl,0,1,1,1
C1=CC(=C(C(=C1)Cl)C(=O)NCC2=C(C=C(C=N2)C(F)(F)F)Cl)Cl,1,1,1,1
C1=CC(=C(C(=C1)Cl)Cl)Cl,1,1,1,
C1=CC(=C(C(=C1N)Cl)Cl)Cl,1,1,1,
C1=CC(=C(C=C1Br)Br)OC2=C(C=C(C=C2)Br)Br,1,,,1
C1=CC(=C(C=C1Br)Br)OC2=CC(=C(C=C2Br)Br)Br,1,,,
C1=CC(=C(C=C1C2=CC(=C(C(=C2)Cl)Cl)Cl)Cl)Cl,1,,,
C1=CC(=C(C=C1Cl)Cl)N,1,1,1,
C1=CC(=C(C=C1Cl)Cl)O,1,1,0,1
C1=CC(=C(C=C1Cl)Cl)OCC(=O)O,0,0,0,1
C1=CC(=C(C=C1N)Cl)Cl,1,1,1,
C1=CC(=C(C=C1[N+](=O)[O-])Cl)NC(=O)C2=C(C=CC(=C2)Cl)O,1,,,
C1=CC(=C(C=C1[N+](=O)[O-])[N+](=O)[O-])O,1,1,1,0
C1=CC(=CC(=C1)Cl)Cl,0,1,0,0
C1=CC(=CC(=C1)[N+](=O)[O-])N,0,1,0,
C1=CC(=CC=C1C(C2=CC=C(C=C2)O)(C(F)(F)F)C(F)(F)F)O,1,1,,
C1=CC(=CC=C1C2=COC3=CC(=CC(=C3C2=O)O)O)O,1,,,
C1=CC(=CC=C1CC2=CC=C(C=C2)O)O,0,,0,
C1=CC(=CC=C1N)Cl,0,1,1,
C1=CC(=CC=C1N)[N+](=O)[O-],0,0,0,
C1=CC(=CC=C1O)S(=O)(=O)C2=CC=C(C=C2)O,0,,0,
C1=CC(=O)C=CC1=O,1,,,
C1=CC(C2C1C3(C(=C(C2(C3(Cl)Cl)Cl)Cl)Cl)Cl)Cl,1,,1,
C1=CC=C(C(=C1)C=O)O,1,,1,
C1=CC=C(C(=C1)CC(=O)O)NC2=C(C=CC=C2Cl)Cl,0,0,0,
C1=CC=C(C(=C1)N)Cl,1,1,0,
C1=CC=C(C(=C1)N)[N+](=O)[O-],0,1,0,
C1=CC=C(C(=C1)[N+](=O)[O-])Cl,0,1,,
C1=CC=C(C=C1)C#N,0,,,
C1=CC=C(C=C1)C(=O)C2=C(C=C(C=C2)O)O,1,,,
C1=CC=C(C=C1)C2=NC(=CC(=N2)Cl)Cl,1,,,
C1=CC=C(C=C1)CCl,1,,,
C1=CC=C(C=C1)COC(=O)C2=C(N=C(S2)Cl)C(F)(F)F,1,,,
C1=CC=C(C=C1)N,0,1,0,
C1=CC=C(C=C1)O,0,0,0,0
C1=CC=C(C=C1)OP(=O)(OC2=CC=CC=C2)OC3=CC=CC=C3,1,1,1,
C1=CC=C(C=C1)[N+](=O)[O-],0,0,0,1
C1=CC=C2C(=C1)C3=C(N2)N=C(C=C3)N,1,,,
C1=CC=C2C(=C1)C3=CC=CC=C3[P+](=O)O2,0,0,,
C1=CC=NC=C1,0,,1,
C1C(O1)CCl,0,,,
C1C2C(COS(=O)O1)C3(C(=C(C2(C3(Cl)Cl)Cl)Cl)Cl)Cl,1,1,1,
C1C=CC2=CC=CC=C21,0,,,
C1CC1N2C=C(C(=O)C3=CC(=C(C=C32)N4CCNCC4)F)C(=O)O,0,1,1,
C1CCC(CC1)O,0,,0,
C1CN(/C(=N/[N+](=O)[O-])/N1)CC2=CN=C(C=C2)Cl,0,0,,
C1COCCN1,1,,0,
C1N(CN(CN1[N+](=O)[O-])[N+](=O)[O-])[N+](=O)[O-],1,0,,
C1[C@@H]2[C@H]3[C@@H]([C@H]1[C@H]4[C@@H]2O4)[C@]5(C(=C([C@@]3(C5(Cl)Cl)Cl)Cl)Cl)Cl,1,1,,
C=CC#N,0,0,0,
C=CC(=O)N,0,0,,
C=CCN,0,,,
C=CCOC(CN1C=CN=C1)C2=C(C=C(C=C2)Cl)Cl,0,1,1,
C=O,0,0,,
CC(=O)OC1=CC=CC=C1C(=O)O,0,0,,
CC(C(=O)N(C)C1=CC=CC=C1F)OC2=CC=C(C=C2)OC3=NC4=C(O3)C=C(C=C4)Cl,1,,,
CC(C)(/C=N/OC(=O)NC)SC,0,1,,0
CC(C)(C)C(=O)C(N1C=NC=N1)OC2=CC=C(C=C2)Cl,1,1,1,
CC(C)(C)C(CCC1=CC=C(C=C1)Cl)(CN2C=NC=N2)O,0,1,1,
CC(C)(C)OO,0,,1,
CC(C)(C)[C@@](CCC1=CC=C(C=C1)Cl)(CN2C=NC=N2)O,1,1,,
CC(C)(C)[C@](CCC1=CC=C(C=C1)Cl)(CN2C=NC=N2)O,1,,,
CC(C)(C1=CC(=C(C(=C1)Br)O)Br)C2=CC(=C(C(=C2)Br)O)Br,1,1,1,1
CC(C)(C1=CC(=C(C(=C1)Cl)O)Cl)C2=CC(=C(C(=C2)Cl)O)Cl,1,,,
CC(C)(C1=CC=C(C=C1)O)C2=CC=C(C=C2)O,0,0,1,1
CC(C)(C1=CC=CC=C1)OO,0,,,
CC(C)C(C1=CC=C(C=C1)Cl)C(=O)OC(C#N)C2=CC(=CC=C2)OC3=CC=CC=C3,1,1,,
CC(C)CC(C)NC1=CC(=O)C(=CC1=O)NC2=CC=CC=C2,1,,,
CC(C)CCCCCCCCCCN(CCCCCCCCCCC(C)C)CCCCCCCCCCC(C)C,1,,,
CC(C)CCCCCCCCCCNCCCCCCCCCCC(C)C,1,,,
CC(C)CCCCCCCOC(=O)C1=CC=CC=C1C(=O)OCCCCCCCC(C)C,0,1,,
CC(C)N,0,0,,
CC(C)NC(=O)N1CC(=O)N(C1=O)C2=CC(=CC(=C2)Cl)Cl,1,1,1,1
CC(C)NC(C)C,0,,0,
CC(C)NC1=NC(=NC(=N1)SC)NC(C)C,1,0,1,1
CC(C)OC1=CC=CC(=C1)NC(=O)C2=CC=CC=C2C(F)(F)F,1,1,1,1
CC(C)[C@@H](C1=CC=C(C=C1)Cl)C(=O)O[C@H](C#N)C2=CC(=CC=C2)OC3=CC=CC=C3,1,1,,
CC(C)[C@H](C1=CC=C(C=C1)Cl)C(=O)O[C@@H](C#N)C2=CC(=CC=C2)OC3=CC=CC=C3,1,,,
CC(C)[C@H](C1=CC=C(C=C1)Cl)C(=O)O[C@H](C#N)C2=CC(=CC=C2)OC3=CC=CC=C3,1,,,
CC(C1=CC=C(C=C1)O)C2=CC=C(C=C2)O,0,,,
CC(C1=CC=CC=C1)(C2=CC=C(C=C2)O)C3=CC=C(C=C3)O,1,,,
CC(COP(=O)(OCC(C)Cl)OCC(C)Cl)Cl,0,,,
CC(Cl)(Cl)Cl,0,0,0,0
CC/C(=N\OC/C=C/Cl)/C1=C(CC(CC1=O)CC(C)SCC)O,0,,0,
CC1(C(=O)N(C(=O)O1)C2=CC(=CC(=C2)Cl)Cl)C=C,1,1,1,1
CC1(C(C1C(=O)OC(C#N)C2=CC(=CC=C2)OC3=CC=CC=C3)C=C(Cl)Cl)C,1,1,,
CC1(C(C1C(=O)OCC2=CC(=CC=C2)OC3=CC=CC=C3)C=C(Cl)Cl)C,0,1,,1
CC1([C@@H]([C@@H]1C(=O)O[C@@H](C#N)C2=CC(=CC=C2)OC3=CC=CC=C3)/C=C(/C(F)(F)F)\Cl)C,1,1,1,
CC1([C@H]([C@H]1C(=O)O[C@H](C#N)C2=CC(=CC=C2)OC3=CC=CC=C3)/C=C(/C(F)(F)F)\Cl)C,1,1,1,
CC1=C(C(=CC=C1)C)N(C(C)C(=O)OC)C(=O)COC,0,0,1,
CC1=C(C=C(C=C1)Cl)[N+](=O)[O-],1,,,
CC1=C(C=C(C=C1)[N+](=O)[O-])[N+](=O)[O-],0,0,1,
CC1=C(C=CC(=C1)C(C)(C)C2=CC(=C(C=C2)O)C)O,1,,,
CC1=C(C=CC=C1C2=CC=CC=C2)COC(=O)[C@@H]3[C@@H](C3(C)C)/C=C(/C(F)(F)F)\Cl,1,1,,
CC1=CC(=C(C=C1)C)OCCCC(C)(C)C(=O)O,1,0,0,
CC1=CC(=CC=C1)O,0,0,0,
CC1=CC(=CC=C1)[N+](=O)[O-],0,1,,
CC1=CC(=NC(=N1)NC2=CC=CC=C2)C,1,1,1,1
CC1=CC2=C(C=C1)N=C(C=C2)C,1,,0,
CC1=CC=C(C=C1)OP(=O)(OC2=CC=C(C=C2)C)OC3=CC=C(C=C3)C,1,,,
CC1=CC=CC=C1O,0,,0,
CC1=CC[C@H](CC1=O)C(=C)C,0,,,
CC1CC2=C1C3=C(C4=C2C(C45CC5C)C)S(=O)(=O)OC(C3)C,0,1,0,
CC1COC(O1)(CN2C=NC=N2)C3=C(C=C(C=C3)OC4=CC=C(C=C4)Cl)Cl,1,1,1,1
CCC(C)(C(=O)CCl)NC(=O)C1=CC(=C(C(=C1)Cl)C)Cl,1,1,1,1
CCC(C)(C1=CC=C(C=C1)O)C2=CC=C(C=C2)O,1,,,
CCC(C)C1=C(C(=CC(=C1)[N+](=O)[O-])[N+](=O)[O-])O,1,,1,
CCC(C)NC1=C(C=C(C=C1[N+](=O)[O-])C(C)(C)C)[N+](=O)[O-],0,1,1,1
CCC1=C(C(=CC=C1)CC)N(COC)C(=O)CCl,1,0,1,
CCC1=CC=CC(=C1N(COCC)C(=O)CCl)C,1,0,1,1
CCC1=CC=CC(=C1N([C@@H](C)COC)C(=O)CCl)C,0,0,1,1
CCCC1COC(O1)(CN2C=NC=N2)C3=C(C=C(C=C3)Cl)Cl,0,0,1,
CCCCC(C)O,0,,,
CCCCC(CC)COC(=O)C1=CC=CC=C1C(=O)OCC(CC)CCCC,1,1,1,
CCCCC(CC)COC(=O)CCCCC(=O)OCC(CC)CCCC,0,,,
CCCCC(CC)COP(=O)(O)OCC(CC)CCCC,0,0,,
CCCCC(CN1C=NC=N1)(C#N)C2=CC=C(C=C2)Cl,1,0,1,
CCCCC=C,0,0,,
CCCCCC/C=C\CCCCCCCC1=CC(=CC(=C1)O)O,1,,,
CCCCCCCC=C,1,1,,
CCCCCCCCCC(CCCCCCCC)N(C(CCCCCCCC)CCCCCCCCC)C(CCCCCCCC)CCCCCCCCC,1,,,
CCCCCCCCCC1=CC=C(C=C1)OCCOCCO,1,0,0,
CCCCCCCCCCCCC1=C(C(=O)C2=CC=CC=C2C1=O)OC(=O)C,1,1,0,
CCCCCCCO,0,,0,
CCCCCCCOC(=O)C1=CC=CC=C1C(=O)OCCCCCCC,0,,,
CCCCCO,0,0,0,
CCCCOC(=O)C,0,,,
CCCCOC(=O)C(C)O,0,0,0,
CCCCOCCOP(=O)(OCCOCCCC)OCCOCCCC,0,0,0,
CCCCOCN(C1=C(C=CC=C1CC)CC)C(=O)CCl,1,,1,
CCCCOP(=O)(OCCCC)OCCCC,1,,0,
CCCC[C@@](CN1C=NC=N1)(C#N)C2=CC=C(C=C2)Cl,1,,,
CCCC[N+](CCCC)(CCCC)CCCC.C(C(C(F)(F)S(=O)(=O)[O-])(F)F)(C(F)(F)F)(F)F,1,,,
CCCN(CCOC1=C(C=C(C=C1Cl)Cl)Cl)C(=O)N2C=CN=C2,0,1,,
CCCOP(=O)(OCCC)OCCC,0,,,
CCNC1=NC(=NC(=N1)Cl)NC(C)(C)C#N,0,0,1,1
CCOC(=O)C(C)(C)OC1=CC=C(C=C1)Cl,1,,,
CCOC(=O)C(C)O,0,0,0,
CCOC(=O)CC(C(=O)OCC)SP(=S)(OC)OC,1,1,,
CCOC(=O)OC1=C(C(=O)NC12CCC(CC2)OC)C3=C(C=CC(=C3)C)C,0,0,1,1
CCOC1=CC=C(C=C1)C(C)(C)COCC2=CC(=CC=C2)OC3=CC=CC=C3,1,1,1,
CCOP(=O)(OCC)OCC,0,,,
CCOP(=S)(OCC)O/N=C(\C#N)/C1=CC=CC=C1,1,,0,
CCOP(=S)(OCC)OC1=CC=C(C=C1)[N+](=O)[O-],1,1,,
CCOP(=S)(OCC)OC1=NC(=C(C=C1Cl)Cl)Cl,1,1,,1
CCOP(=S)(OCC)OC1=NC(=NC(=C1)C)C(C)C,1,1,0,
CCOP(=S)(OCC)SCN1C2=C(C=C(C=C2)Cl)OC1=O,1,1,1,
CC[C@@]1(C[C@@H]2C[C@@](C3=C(CCN(C2)C1)C4=CC=CC=C4N3)(C5=C(C=C6C(=C5)[C@]78CCN9[C@H]7[C@@](C=CC9)([C@H]([C@@]([C@@H]8N6C=O)(C(=O)OC)O)OC(=O)C)CC)OC)C(=O)OC)O,0,,,
CC[C@H](C)[C@@H]1[C@H](CC[C@@]2(O1)C[C@@H]3C[C@H](O2)C/C=C(/[C@H]([C@H](/C=C/C=C/4\CO[C@H]5[C@@]4([C@@H](C=C([C@H]5O)C)C(=O)O3)O)C)O[C@H]6C[C@@H]([C@H]([C@@H](O6)C)O[C@H]7C[C@@H]([C@H]([C@@H](O7)C)O)OC)OC)\C)C,1,1,1,
CN,0,0,,
CN(C(=O)NC1=CC(=C(C=C1)Cl)Cl)OC,1,1,1,1
CN(C)C1=CC=CC=C1,1,0,,
CN(C1=CC=CC(=C1F)C(=O)NC2=C(C=C(C=C2Br)C(C(F)(F)F)(C(F)(F)F)F)C(F)(F)F)C(=O)C3=CC=CC=C3,1,,,
CN(CC(CO)O)C(=O)C1=C(C(=C(C(=C1I)C(=O)NCC(CO)O)I)NC(=O)COC)I,0,,,
CNC(=O)OC1=CC=CC2=CC=CC=C21,0,1,1,1
CNC.C1=CC(=C(C=C1Cl)Cl)OCC(=O)O,0,,,
CNC1=CC=CC=C1,1,,,
CNCCC(C1=CC=CC=C1)OC2=CC=C(C=C2)C(F)(F)F,1,,1,
CNCCC=C1C2=CC=CC=C2CCC3=CC=CC=C31,1,,,
CO,0,0,0,0
COC(=O)C12CC3=C(C1=NN(CO2)C(=O)N(C4=CC=C(C=C4)OC(F)(F)F)C(=O)OC)C=CC(=C3)Cl,1,1,,
COC(=O)N(C1=CC=CC=C1COC2=NN(C=C2)C3=CC=C(C=C3)Cl)OC,1,1,1,1
COC(=O)NC1=NC2=CC=CC=C2N1,1,1,,
COC1=C(C(=C(C(=C1Cl)Cl)Cl)Cl)Cl,1,1,,
COC1=CC(=C(C=C1)C(=O)C2=CC=CC=C2)O,1,,1,
COC1=CC=CC=C1,1,,0,
COP(=O)(C(C(Cl)(Cl)Cl)O)OC,0,1,0,
COP(=S)(OC)SCN1C(=O)C2=CC=CC=C2N=N1,1,1,,
CSSC,1,,0,1
C[C@@H]1CO[C@@](O1)(CN2C=NC=N2)C3=C(C=C(C=C3)OC4=CC=C(C=C4)Cl)Cl,1,,,
C[C@@H]1CO[C@](O1)(CN2C=NC=N2)C3=C(C=C(C=C3)OC4=CC=C(C=C4)Cl)Cl,1,,,
C[C@H]1CO[C@@](O1)(CN2C=NC=N2)C3=C(C=C(C=C3)OC4=CC=C(C=C4)Cl)Cl,1,,,
C[C@H]1CO[C@](O1)(CN2C=NC=N2)C3=C(C=C(C=C3)OC4=CC=C(C=C4)Cl)Cl,1,,,
C[C@]12CC[C@H]3[C@H]([C@@H]1CC[C@]2(C#C)O)CCC4=C3C=CC(=C4)O,1,,,
C(=C/Cl)\Cl,,0,,
C(C(Cl)(Cl)Cl)Cl,,0,,
C(CCl)CCl,,0,0,0
C(CO)NCCO,,0,0,0
C12=C(C(=C(C(=C1Cl)Cl)Cl)Cl)C(=C(C(=C2Cl)Cl)Cl)Cl,,0,0,0
C1=C(C(=CC(=C1Cl)Cl)Cl)Cl,,0,0,1
CC1(C2CCC(C2)C1=C)C,,0,0,0
CC1=CC(=O)CC(C1)(C)C,,0,0,0
CC1COC2=C3N1C=C(C(=O)C3=CC(=C2N4CCN(CC4)C)F)C(=O)O,,0,0,
CCN1C=C(C(=O)C2=CC(=C(C(=C21)F)N3CCNC(C3)C)F)C(=O)O,,0,0,
B1(OCCC(O1)C)OCCC(C)OB2OCCC(O2)C,,0,,
C#CCN1C(=O)COC2=CC(=C(C=C21)N3C(=O)C4=C(C3=O)CCCC4)F,,1,1,1
C(#N)C1=C(C(=C(C(=C1Cl)Cl)Cl)C#N)Cl,,1,1,1
C(/C=C/COC(=O)CBr)OC(=O)CBr,,1,,
C(=C(/C(C(C(C(C(C(C(C(C(F)(F)F)(F)F)(F)F)(F)F)(F)F)(F)F)(F)F)(F)F)(F)F)\F)\C(=O)O,,1,1,
C(=C(Br)Br)Br,,1,,
C(=C(C(C(C(C(C(C(C(F)(F)F)(F)F)(F)F)(F)F)(F)F)(F)F)(F)F)F)C(=O)O,,1,1,
C(=C(C(C(C(C(C(F)(F)F)(F)F)(F)F)(F)F)(F)F)F)C(=O)O,,0,0,
C(=C(Cl)Cl)Cl,,1,0,0
C(=O)(C(C(C(C(C(C(C(C(C(C(C(F)(F)F)(F)F)(F)F)(F)F)(F)F)(F)F)(F)F)(F)F)(F)F)(F)F)(F)F)O,,0,,
C(=O)(C(C(C(C(C(C(C(C(C(F)(F)F)(F)F)(F)F)(F)F)(F)F)(F)F)(F)F)(F)F)(F)F)O,,0,0,
C(=O)(C(C(C(C(C(C(C(C(F)(F)F)(F)F)(F)F)(F)F)(F)F)(F)F)(F)F)(F)F)O,,0,,
C(=O)(C(C(C(C(C(C(F)(F)F)(F)F)(F)F)(F)F)(F)F)(F)F)O,,0,,
C(=O)(C(C(C(C(C(F)(F)F)(F)F)(F)F)(F)F)(F)F)O,,0,,
C(=O)(C(C(C(C(F)(F)F)(F)F)(F)F)(F)F)O,,0,0,
C(=O)(C(C(F)(F)F)(F)F)O,,0,,
C(=O)(C(Cl)(Cl)Cl)O,,0,0,
C(=O)C(Cl)(Cl)Cl,,0,,
C(=O)O,,0,,
C(C(=O)O)(F)F,,0,0,
C(C(=O)O)C(C(C(C(C(C(C(C(C(C(F)(F)F)(F)F)(F)F)(F)F)(F)F)(F)F)(F)F)(F)F)(F)F)(F)F,,1,1,
C(C(=O)O)C(C(C(C(C(C(F)(F)F)(F)F)(F)F)(F)F)(F)F)(F)F,,0,0,
C(C(=O)O)C(C(C(C(F)(F)F)(F)F)(F)F)(F)F,,0,,
C(C(=O)O)Cl,,0,1,
C(C(=O)O)OC1=NC(=C(C(=C1Cl)N)Cl)F,,0,1,1
C(C(C(C(C(F)F)(F)F)(F)F)(F)F)O,,0,,
C(C(CBr)Br)O,,0,,
C(C(CCl)Cl)Cl,,0,0,
C(C(CO)(CO)CO)O,,0,,
C(C(CO)(CO)[N+](=O)[O-])O,,0,,
C(C(CO)([N+](=O)[O-])Br)O,,1,1,1
C(C(CO[N+](=O)[O-])(CO[N+](=O)[O-])CO[N+](=O)[O-])O[N+](=O)[O-],,0,,
C(C(CO[N+](=O)[O-])O[N+](=O)[O-])O[N+](=O)[O-],,0,1,
C(C(Cl)(Cl)Cl)O,,0,,
C(C(Cl)Cl)(Cl)Cl,,0,0,1
C(C(Cl)Cl)Cl,,0,0,
C(C(F)(Cl)Cl)(F)(F)Cl,,1,0,
C(C=CCl)Cl,,1,1,1
C(CC(C(C(C(C(C(C(F)(F)F)(F)F)(F)F)(F)F)(F)F)(F)F)(F)F)C(=O)O,,1,0,
C(CC(C(C(C(C(F)(F)F)(F)F)(F)F)(F)F)(F)F)C(=O)O,,0,0,
C(CCl)Cl,,0,0,0
C(CCl)P(=O)(O)O,,0,,
C(CN(CC(=O)O)CC(=O)O)N(CC(=O)O)CC(=O)O,,0,1,
C(CO)CO,,0,,
C(COCCOCCO)O,,0,,
C(CS(=O)(=O)O)C(C(C(C(C(C(F)(F)F)(F)F)(F)F)(F)F)(F)F)(F)F,,0,0,
C(SC#N)SC#N,,1,,
C([N+](=O)[O-])(Cl)(Cl)Cl,,1,1,
C/C(=C\C(=O)N(C)C)/OP(=O)(OC)OC,,1,,
C/C(=N\OC(=O)NC)/SC,,1,0,
C/C(=N\OCC1=CC=CC=C1/C(=N\OC)/C(=O)OC)/C2=CC(=CC=C2)C(F)(F)F,,1,1,
C/C=C/C1=CC=C(C=C1)OC,,1,,
C1(=C(C(=C(C(=C1Cl)Cl)Cl)Cl)Cl)[N+](=O)[O-],,1,,
C1(=C(C(C(=C1Cl)Cl)(C2(C(=C(C(=C2Cl)Cl)Cl)Cl)Cl)Cl)Cl)Cl,,1,,
C1(=C(SSC1=O)Cl)Cl,,1,,
C1(=NC(=NC(=N1)NCl)NCl)NCl,,1,,
C1(=NC(=NC(=O)N1)N)N,,0,,
C1(=O)C2(C3(C4(C1(C5(C2(C3(C(C45Cl)(Cl)Cl)Cl)Cl)Cl)Cl)Cl)Cl)Cl,,1,,
C1(=O)N(C(=O)N(C(=O)N1Cl)Cl)Cl,,1,,
C1(=O)NC(=O)NC(=O)N1,,0,0,
C12(C3(C4(C5(C3(C(C1(C5(C2(C4(Cl)Cl)Cl)Cl)Cl)(Cl)Cl)Cl)Cl)Cl)Cl)Cl,,1,,
C1=C(C(=C(C(=C1Cl)Cl)Cl)Cl)Cl,,1,1,1
C1=C(C(=C(C(=C1Cl)Cl)N)Cl)Cl,,1,,
C1=C(C(=CC(=C1Cl)Cl)Cl)N,,1,1,
C1=C(C(=CC(=C1Cl)Cl)Cl)O,,1,1,1
C1=C(C(=NC(=C1Cl)Cl)OCC(=O)O)Cl,,0,0,
C1=C(C=C(C(=C1Cl)Cl)Cl)Cl,,1,0,1
C1=C(C=C(C(=C1Cl)N)Cl)[N+](=O)[O-],,1,,
C1=C(C=C(C(=C1O)C(=O)O)O)O,,1,,
C1=C(C=C(C(=C1O)O)O)C(=O)O,,0,,
C1=C(C=C(C(=C1[N+](=O)[O-])O)[N+](=O)[O-])[N+](=O)[O-],,0,0,0
C1=C(C=C(C=C1C(F)(F)F)C(F)(F)F)CN,,1,1,
C1=C(C=C(C=C1[N+](=O)[O-])[N+](=O)[O-])N,,0,,
C1=C(C=NC(=C1Cl)NC2=C(C=C(C(=C2[N+](=O)[O-])Cl)C(F)(F)F)[N+](=O)[O-])C(F)(F)F,,1,1,
C1=C(OC(=C1)[N+](=O)[O-])/C=N/NC(=O)N,,0,1,
C1=CC(=C(C(=C1)Cl)N)Cl,,1,0,
C1=CC(=C(C(=C1)Cl)O)Cl,,1,0,
C1=CC(=C(C(=C1)F)C(=O)NC(=O)NC2=CC(=C(C(=C2)Cl)OC(C(F)F)(F)F)Cl)F,,1,,
C1=CC(=C(C(=C1)F)C(=O)NC(=O)NC2=CC(=C(C(=C2F)Cl)OC(C(C(F)(F)F)F)(F)F)Cl)F,,1,,
C1=CC(=C(C(=C1)O)C(=O)O)O,,0,,
C1=CC(=C(C(=C1)O)O)C(=O)O,,0,,
C1=CC(=C(C2=C1C(=O)C3=C(C=CC(=C3C2=O)O)O)O)O,,1,,
C1=CC(=C(C2=NC=C(C=C21)Cl)C(=O)O)Cl,,0,1,
C1=CC(=C(C=C1C(=O)O)O)O,,0,,
C1=CC(=C(C=C1Cl)Cl)C(CN2C=NC=N2)COC(C(F)F)(F)F,,1,,
C1=CC(=C(C=C1Cl)Cl)Cl,,1,0,1
C1=CC(=C(C=C1Cl)Cl)OCCCC(=O)O,,0,,
C1=CC(=C(C=C1Cl)O)OC2=C(C=C(C=C2)Cl)Cl,,1,1,1
C1=CC(=C(C=C1Cl)[N+](=O)[O-])N,,1,1,
C1=CC(=C(C=C1F)F)N,,1,,
C1=CC(=C(C=C1O)C(=O)O)O,,0,,
C1=CC(=C(C=C1O)O)C(=O)O,,0,,
C1=CC(=C(C=C1[N+](=O)[O-])Cl)N,,1,,
C1=CC(=C(C=C1[N+](=O)[O-])[N+](=O)[O-])Cl,,1,1,
C1=CC(=C(C=C1[N+](=O)[O-])[N+](=O)[O-])N,,1,,
C1=CC(=C2C(=C1)OC(O2)(F)F)C3=CNC=C3C#N,,1,1,
C1=CC(=CC(=C1)Cl)[N+](=O)[O-],,1,,
C1=CC(=CC(=C1)N)C(=O)NN,,1,,
C1=CC(=CC(=C1)N)C(F)(F)F,,1,,
C1=CC(=CC(=C1)O)C(=O)O,,0,,
C1=CC(=CC(=C1)O)N,,1,0,
C1=CC(=CC(=C1)O)NC(=O)N,,0,,
C1=CC(=CC(=C1)[N+](=O)[O-])C#N,,0,,
C1=CC(=CC(=C1)[N+](=O)[O-])[N+](=O)[O-],,0,0,
C1=CC(=CC=C1/C=N/N/C(=N/N=C/C2=CC=C(C=C2)Cl)/N)Cl,,1,,
C1=CC(=CC=C1C#N)O,,0,,
C1=CC(=CC=C1C(=O)O)C(=O)O,,1,,
C1=CC(=CC=C1C(=O)O)O,,0,0,0
C1=CC(=CC=C1C(C2=CC=C(C=C2)Cl)(C(Cl)(Cl)Cl)O)Cl,,1,,
C1=CC(=CC=C1C(C2=CC=C(C=C2)Cl)C(Cl)(Cl)Cl)Cl,,1,,
C1=CC(=CC=C1C2=CC=C(C=C2)Cl)Cl,,1,,
C1=CC(=CC=C1C2=CC=C(C=C2)N)N,,1,,
C1=CC(=CC=C1CO)O,,0,,
C1=CC(=CC=C1N)O,,1,1,
C1=CC(=CC=C1N)S(=O)(=O)N=C(N)N,,1,0,
C1=CC(=CC=C1N)S(=O)(=O)NC2=NC=CS2,,0,,
C1=CC(=CC=C1N)S(=O)(=O)NC2=NN=C(C=C2)Cl,,0,,
C1=CC(=CC=C1NC(=O)NC2=CC(=C(C=C2)Cl)Cl)Cl,,1,1,
C1=CC(=CC=C1O)Cl,,1,0,1
C1=CC(=CC=C1OC2=C3C(=CC(=CC3=NC=C2)Cl)Cl)F,,1,1,1
C1=CC(=CC=C1[C@H]([C@@H](CO)NC(=O)C(Cl)Cl)O)[N+](=O)[O-],,0,,
C1=CC(=NC(=C1)Cl)C(=O)O,,1,,
C1=CC(=NC(=C1)Cl)C(Cl)(Cl)Cl,,1,1,
C1=CC(=NC(=C1Cl)C(=O)O)Cl.C(CO)N,,0,,
C1=CC(=NC=C1C(F)(F)F)OCCCOC2=C(C=C(C=C2Cl)OCC=C(Cl)Cl)Cl,,1,1,1
C1=CC2=C(C(=C1)O)C(=O)C3=C(C2=O)C=CC=C3O,,1,,
C1=CC2=C(C=C1Cl)OC(=O)N2,,1,,
C1=CC2=C3C(=C1)C4=CC=CC5=C4C6=C(C=C5)C=CC(=C36)C=C2,,1,,
C1=CC2=C3C(=C1)C=CC4=CC=CC(=C43)C=C2,,1,0,
C1=CC2=NNN=C2C=C1,,0,,
C1=CC=C(C(=C1)C(=O)NCC(=O)O)O,,0,,
C1=CC=C(C(=C1)C(=O)O)C(=O)O,,0,0,
C1=CC=C(C(=C1)C(=O)O)O,,0,0,
C1=CC=C(C(=C1)C(C2=CC=C(C=C2)Cl)(C3=CN=CN=C3)O)Cl,,1,,
C1=CC=C(C(=C1)C=O)C=O,,1,1,
C1=CC=C(C(=C1)N)Br,,1,,
C1=CC=C(C(=C1)NC2=NC(=NC(=N2)Cl)Cl)Cl,,1,,
C1=CC=C(C(=C1)O)Br,,1,,
C1=CC=C(C=C1)/C=C(/[N+](=O)[O-])\Br,,1,,
C1=CC=C(C=C1)/C=C/C=O,,1,,
C1=CC=C(C=C1)C(C2=CC=C(C=C2)Cl)C(=O)C3C(=O)C4=CC=CC=C4C3=O,,1,,
C1=CC=C(C=C1)C(C2=CC=CC=C2)C(=O)C3C(=O)C4=CC=CC=C4C3=O,,1,,
C1=CC=C(C=C1)C(CC(C2=CC=C(C=C2)C3=CC=C(C=C3)Br)O)C4=C(C5=CC=CC=C5OC4=O)O,,1,,
C1=CC=C(C=C1)C(F)(F)F,,1,1,
C1=CC=C(C=C1)C2=CC(=O)C3=C(O2)C=CC4=CC=CC=C43,,1,,
C1=CC=C(C=C1)C2=CC=C(C=C2)Cl,,1,,
C1=CC=C(C=C1)C2=CC=CC=C2,,1,1,1
C1=CC=C(C=C1)C2=CC=CC=C2O,,1,1,
C1=CC=C(C=C1)CC2=C(C=CC(=C2)Cl)O,,1,,
C1=CC=C(C=C1)CNC2=NC=NC3=C2NC=N3,,0,,
C1=CC=C(C=C1)COC(=O)C2=CC=C(C=C2)O,,1,,
C1=CC=C(C=C1)COC(=O)C2=CC=CC=C2C(=O)O,,0,0,
C1=CC=C(C=C1)COC(=O)CBr,,1,,
C1=CC=C(C=C1)Cl,,1,0,0
C1=CC=C(C=C1)NC(=O)NC2=CN=NS2,,1,1,1
C1=CC=C(C=C1)NC2=CC=C(C=C2)N,,1,,
C1=CC=C(C=C1)NC2=CC=CC=C2,,1,1,
C1=CC=C(C=C1)NNC2=CC=CC=C2,,1,1,
C1=CC=C(C=C1)OC2=CC=CC(=C2)C=O,,1,,
C1=CC=C(C=C1)OC2=CC=CC(=C2)CO,,1,,
C1=CC=C(C=C1)OP(=O)(OC2=CC=CC=C2)OC3=CC(=CC=C3)OP(=O)(OC4=CC=CC=C4)OC5=CC=CC=C5,,0,,
C1=CC=C2C(=C1)C(=O)C3=C(C2=O)C(=C(C=C3O)O)O,,1,,
C1=CC=C2C(=C1)C(=O)C3=C(C2=O)C(=CC=C3)N,,0,,
C1=CC=C2C(=C1)C(=O)C3=C(C=CC(=C3C2=O)O)O,,1,,
C1=CC=C2C(=C1)C(=O)N(C2=O)SC(Cl)(Cl)Cl,,1,1,1
C1=CC=C2C(=C1)C3=CC=CC4=C3C2=CC=C4,,1,0,0
C1=CC=C2C(=C1)C3=CC=CC4=C3C5=C(C=CC=C25)C=C4,,1,,
C1=CC=C2C(=C1)C3=CC=CC=C3C(=O)C2=O,,1,,
C1=CC=C2C(=C1)C3=CC=CC=C3N2,,1,,
C1=CC=C2C(=C1)C=CC3=CC4=C(C=CC5=CC=CC=C54)C=C32,,1,,
C1=CC=C2C(=C1)C=CC3=CC4=CC=CC=C4C=C32,,1,,
C1=CC=C2C(=C1)C=CC3=CC=CC=C32,,1,1,
C1=CC=C2C(=C1)C=CC=C2O,,1,,
C1=CC=C2C(=C1)C=CC=N2,,0,0,
C1=CC=C2C(=C1)N=C(S2)SCSC#N,,1,1,
C1=CC=C2C(=C1)N=CC(=N2)NS(=O)(=O)C3=CC=C(C=C3)N,,0,1,
C1=CC=C2C=C(C=CC2=C1)Cl,,1,,
C1=CC=C2C=C3C=C4C=CC=CC4=CC3=CC2=C1,,1,,
C1=CC=C2C=C3C=CC=CC3=CC2=C1,,1,,
C1=CC=C2C=CC=CC2=C1,,1,,
C1=CC=C2C=NN=CC2=C1,,0,0,
C1=CC=CC=C1,,0,0,
C1=CN=C(N=C1)NS(=O)(=O)C2=CC=C(C=C2)N,,0,1,
C1=CN=CC(=C1C(F)(F)F)C(=O)NCC#N,,0,0,
C1=CN=CC=C1N,,1,0,
C1=COC(=C1)C=O,,0,0,0
C1=NC=NN1,,0,,
C1=NN(C=N1)CC(=O)O,,0,,
C1=NNC(=N1)N,,0,0,1
C1C(CC2=CC=CC=C2C1C3=C(C4=CC=CC=C4OC3=O)O)C5=CC=C(C=C5)C6=CC=C(C=C6)Br,,1,,
C1C(CC2=CC=CC=C2C1C3=C(SC4=CC=CC=C4C3=O)O)C5=CC=C(C=C5)C6=CC=C(C=C6)Br,,1,,
C1C(COC1(CN2C=NC=N2)C3=C(C=C(C=C3)Cl)Cl)Br,,1,1,1
C1C(O1)(CC(Cl)(Cl)Cl)C2=CC(=CC(=C2)Cl)Cl,,1,,
C1C(O1)C2=CC=CC=C2,,0,0,
C1C2C(COS(=O)(=O)O1)C3(C(=C(C2(C3(Cl)Cl)Cl)Cl)Cl)Cl,,1,,
C1C2CC3CC1CC(C2)(C3)N,,0,,
C1C=CCC2C1C(=O)N(C2=O)SC(Cl)(Cl)Cl,,1,1,1
C1CC1(C(=O)NC2=C(C=C(C=C2)Cl)Cl)C(=O)O,,0,1,1
C1CC1(C(CC2=CC=CC=C2Cl)(CN3C(=S)N=CN3)O)Cl,,1,,1
C1CC1NC2=NC(=NC(=N2)N)N,,0,,
C1CC2=CC=CC3=C2C1=CC=C3,,1,1,1
C1CC2C(C(C1O2)C(=O)O)C(=O)O,,0,,
C1CCC(=O)NCC1,,0,0,
C1CCC(CC1)Br,,1,,
C1CCC(CC1)CN,,0,,
C1CCCCC(C(C(CCCC1)(Br)Br)(Br)Br)(Br)Br,,0,,0
C1CCCCC1,,1,0,
C1CCS(=O)(=O)C1,,0,,
C1CN(C=N1)CCO,,1,,
C1CN(CCN1C(C(Cl)(Cl)Cl)NC=O)C(C(Cl)(Cl)Cl)NC=O,,0,,
C1CN2CC3=CCO[C@H]4CC(=O)N5[C@H]6[C@H]4[C@H]3C[C@H]2[C@@]61C7=CC=CC=C75,,1,,
C1CNC(=C[N+](=O)[O-])SC1,,0,,
C1COCO1,,0,,
C1CS(=O)C(=NO1)C2=CC3=CC=CC=C3S2,,1,1,1
C1CSC(=NC#N)N1CC2=CN=C(C=C2)Cl,,0,0,
C1C[C@H]2N3CCN(C3=C([C@@H]1O2)[N+](=O)[O-])CC4=CN=C(C=C4)Cl,,0,,
C1N(CN(CN(CN1[N+](=O)[O-])[N+](=O)[O-])[N+](=O)[O-])[N+](=O)[O-],,0,0,
C1N(CN(CN1CCO)CCO)CCO,,0,,
C1N2CN3CN1CN(C2)C3,,0,,
C1OCOCO1,,0,,
C1[C@@H]2[C@@H]3[C@H]([C@H]1[C@H]4[C@@H]2O4)[C@@]5(C(=C([C@]3(C5(Cl)Cl)Cl)Cl)Cl)Cl,,1,,
C=C1C(C2(C(C(C1(C2(Cl)Cl)Cl)Cl)Cl)Cl)(CCl)CCl,,1,1,
C=CC1=CC=CC=C1,,1,1,0
C=CC=O,,1,1,1
C=CCC1=CC=CC=C1O,,1,,
C=CCN(CC=C)C(=O)C(Cl)Cl,,0,,
C=CCN=C=S,,1,,
CC(=C)[C@H]1CC2=C(O1)C=CC3=C2O[C@@H]4COC5=CC(=C(C=C5[C@@H]4C3=O)OC)OC,,1,,
CC(=CC1C(C1(C)C)C(=O)OC(C#N)C2=CC(=CC=C2)OC3=CC=CC=C3)C,,1,,
CC(=CC1C(C1(C)C)C(=O)OCC2=COC(=C2)CC3=CC=CC=C3)C,,1,,
CC(=CC1C(C1(C)C)C(=O)OCN2C(=O)CN(C2=O)CC#C)C,,1,,
CC(=CCC/C(=C/CC/C(=C/CO)/C)/C)C,,1,,
CC(=CCC/C(=C/CCC(C)(C=C)O)/C)C,,1,,
CC(=CCCC(C)(C=C)O)C,,0,,
CC(=C[C@@H]1[C@H](C1(C)C)C(=O)OCC2=COC(=C2)CC3=CC=CC=C3)C,,1,,
CC(=O)C1=CC=CC=C1O,,0,,
CC(=O)CC(=O)C,,0,,
CC(=O)CC(C1=CC=CC=C1)C2=C(C3=CC=CC=C3OC2=O)O,,0,,
CC(=O)N(CCN(C(=O)C)C(=O)C)C(=O)C,,0,,
CC(=O)N1CCN(CC1)C2=CC=C(C=C2)OC[C@H]3CO[C@](O3)(CN4C=CN=C4)C5=C(C=C(C=C5)Cl)Cl,,1,,
CC(=O)NC1=CC=C(C=C1)O,,0,,
CC(=O)O[C@@H]1[C@@H](SC2=CC=CC=C2N(C1=O)CCN(C)C)C3=CC=C(C=C3)OC,,0,,
CC(C(=O)OC)O,,0,,
CC(C(=O)OC)OC1=CC=C(C=C1)OC2=C(C=C(C=C2)Cl)Cl,,1,,
CC(C)(/C=N/OC(=O)NC)S(=O)(=O)C,,1,,
CC(C)(C#C)NC(=O)C1=CC(=CC(=C1)Cl)Cl,,1,1,1
CC(C)(C(=O)O)OC1=CC=C(C=C1)C(=O)C2=CC=C(C=C2)Cl,,1,,
CC(C)(C(=O)O)OC1=CC=C(C=C1)CCNC(=O)C2=CC=C(C=C2)Cl,,0,,
CC(C)(C(=O)O)OC1=CC=C(C=C1)Cl,,0,0,
CC(C)(C(=O)OCC=C)OC(=O)C1=C(C=CC(=C1)N2C(=O)C=C(N(C2=O)C)C(F)(F)F)Cl,,1,1,1
CC(C)(C)C(C(N1C=NC=N1)OC2=CC=C(C=C2)C3=CC=CC=C3)O,,1,,
CC(C)(C)C(C(N1C=NC=N1)OC2=CC=C(C=C2)Cl)O,,1,,
CC(C)(C)C1=CC(=C(C=C1)OP(=O)(OC2=CC=CC=C2)OC3=CC=CC=C3)C(C)(C)C,,1,,
CC(C)(C)C1=CC(=CC(=C1)O)C(C)(C)C,,1,,
CC(C)(C)C1=CC=C(C=C1)CCOC2=NC=NC3=CC=CC=C32,,1,1,
CC(C)(C)C1=CC=C(C=C1)CSC2=C(C(=O)N(N=C2)C(C)(C)C)Cl,,1,1,1
CC(C)(C)C1=CC=C(C=C1)O,,1,,
CC(C)(C)C1=CC=C(C=C1)OC2CCCCC2OS(=O)OCC#C,,1,0,
CC(C)(C)C1=NN=C(N(C1=O)N)SC,,0,1,1
CC(C)(C)N(C(=O)C1=CC=CC=C1)NC(=O)C2=CC=C(C=C2)Cl,,1,1,
CC(C)(C)NC1=NC(=NC(=N1)NC2CC2)SC,,1,1,1
CC(C)(C)O,,0,0,
CC(C)(C)[C@H]([C@@H](CC1=CC=C(C=C1)Cl)N2C=NC=N2)O,,0,0,
CC(C)(C1=CC=C(C=C1)OP(=O)(OC2=CC=CC=C2)OC3=CC=CC=C3)C4=CC=C(C=C4)OP(=O)(OC5=CC=CC=C5)OC6=CC=CC=C6,,1,,
CC(C)C1(C(=O)NC(=N1)C2=C(C=C(C=N2)COC)C(=O)O)C,,0,1,1
CC(C)C1(C(=O)NC(=N1)C2=C(C=CC=N2)C(=O)O)C,,0,,
CC(C)C1(C(=O)NC(=N1)C2=NC3=CC=CC=C3C=C2C(=O)O)C,,0,,
CC(C)C1=C(C(=CC=C1)C(C)C)N,,0,,
CC(C)C1=CC=C(C=C1)NC(=O)N(C)C,,1,1,
CC(C)C1=CC=CC=C1,,0,1,
CC(C)C1=CC=CC=C1OP(=O)(OC2=CC=CC=C2)OC3=CC=CC=C3.C1=CC=C(C=C1)OP(=O)(OC2=CC=CC=C2)OC3=CC=CC=C3,,1,,
CC(C)C1CCC(C1(CN2C=NC=N2)O)CC3=CC=C(C=C3)Cl,,1,,
CC(C)C=O,,0,,
CC(C)CC1=C(C(=NC(=C1C(=O)OC)C(F)F)C(F)(F)F)C2=NCCS2,,1,1,1
CC(C)CC1=C(C(=NC(=C1C(=O)SC)C(F)(F)F)C(F)F)C(=O)SC,,0,1,
CC(C)CCCC(C)C/C=C/C(=C/C(=O)OCC#C)/C,,1,,
CC(C)CCCCCCCCCCCCCCCOCCOCCO,,0,,
CC(C)CCCCCCOC(=O)C1=CC=CC=C1C(=O)OCCCCCCC(C)C,,1,,
CC(C)CCCCCOC(=O)C1=CC=CC=C1C(=O)OCCCCCC(C)C,,1,,
CC(C)CO,,0,0,
CC(C)N(C(C)C)C(=O)SCC(=C(Cl)Cl)Cl,,1,1,1
CC(C)N(C)S(=O)(=O)NC(=O)C1=CC(=C(C=C1Cl)F)N2C(=O)C=C(N(C2=O)C)C(F)(F)F,,0,1,1
CC(C)N1C(=NC(C)(C)C)SCN(C1=O)C2=CC=CC=C2,,1,1,
CC(C)NC1=NC(=NC(=N1)N)Cl,,0,,
CC(C)NC1=NC(=NC(=N1)NC)SC,,0,,
CC(C)NC1=NC(=NC(=N1)OC)NC(C)C,,0,1,
CC(C)NC1=NC(=NC(=N1)SC)N=[N+]=[N-],,0,,
CC(C)NC1=NC(=O)NC(=N1)N,,0,,
CC(C)NCC(COC1=CC=C(C=C1)CCOC)O,,0,,
CC(C)NCC1=CC=CC=C1,,0,,
CC(C)O,,0,0,
CC(C)OC(=O)/C=C(\C)/C=C/CC(C)CCCC(C)(C)OC,,1,,
CC(C)OC(=O)C(C)O,,0,0,
CC(C)OC(=O)NC1=CC(=CC=C1)Cl,,1,1,
CC(C)OC(=O)NNC1=C(C=CC(=C1)C2=CC=CC=C2)OC,,1,1,
CC(C)OC1=C(C=C(C(=C1)N2C(=O)OC(=N2)C(C)(C)C)Cl)Cl,,1,1,1
CC(C)OC1=CC=CC=C1OC(=O)NC,,1,1,
CC(C)OP(=S)(OC(C)C)SCCNS(=O)(=O)C1=CC=CC=C1,,1,1,1
CC(C)[C@H](C(=O)OC(C#N)C1=CC(=CC=C1)OC2=CC=CC=C2)NC3=C(C=C(C=C3)C(F)(F)F)Cl,,1,,
CC(C1=CC=C(C=C1)Cl)(C2=CC=C(C=C2)Cl)O,,1,,
CC(C1CC1)C(CN2C=NC=N2)(C3=CC=C(C=C3)Cl)O,,0,1,
CC(CC(C)(C)O)O,,0,,
CC(CCC=C(C)C)CC=O,,0,,
CC(CCO)OC,,0,,
CC(CN(CC(C)O)CC(C)O)O.C1(=C(C(=NC(=C1Cl)Cl)C(=O)O)Cl)N,,0,,
CC(CO)O,,0,,
CC(COC1=CC=C(C=C1)OC2=CC=CC=C2)OC3=CC=CC=N3,,1,1,
CC(CSS(=O)(=O)C)O,,0,,
CC/C(=C(/CC)\C1=CC=C(C=C1)O)/C2=CC=C(C=C2)O,,1,,
CC/C(=N\OCC)/C1=C(CC(CC1=O)C2=C(C=C(C=C2C)C)C)O,,0,1,0
CC1(C(=O)N(C(=O)N1Br)Br)C,,1,,
CC1(C(=O)N(C(=O)N1Br)Cl)C,,1,,
CC1(C(=O)N(C(=O)O1)NC2=CC=CC=C2)C3=CC=C(C=C3)OC4=CC=CC=C4,,1,1,1
CC1(C(C1(C)C)C(=O)OC(C#N)C2=CC(=CC=C2)OC3=CC=CC=C3)C,,1,,
CC1(C(C1C(=O)OC(C#N)C2=CC(=C(C=C2)F)OC3=CC=CC=C3)C=C(Cl)Cl)C,,1,1,
CC1(C(C1C(=O)OC(C#N)C2=CC(=CC=C2)OC3=CC=CC=C3)/C=C(/C(F)(F)F)\Cl)C,,1,,
CC1(C2CCC(O1)(CC2)C)C,,0,0,
CC1(CC(CC(C1)(C)CN)N)C,,0,,
CC1(CC/C(=C\C2=CC=C(C=C2)Cl)/C1(CN3C=NC=N3)O)C,,1,1,1
CC1(CC2=C(O1)C(=CC=C2)OC(=O)NC)C,,1,1,
CC1(CCCCC1)C(=O)NC2=C(C(=C(C=C2)O)Cl)Cl,,0,1,
CC1(CN=C(NC1)NN=C(/C=C/C2=CC=C(C=C2)C(F)(F)F)/C=C/C3=CC=C(C=C3)C(F)(F)F)C,,1,,1
CC1(CON(C1=O)CC2=CC=CC=C2Cl)C,,1,1,1
CC1(OC2=C(O1)C(=CC=C2)OC(=O)NC)C,,1,,
CC1([C@H]([C@H]1C(=O)O[C@H](C#N)C2=CC(=CC=C2)OC3=CC=CC=C3)C=C(Br)Br)C,,1,,
CC1([C@H]2CCC(=C)[C@@H]1C2)C,,1,,
CC1=C(C(=C(C=C1)[N+](=O)[O-])N)[N+](=O)[O-],,1,,
CC1=C(C(=CC=C1)C)N(C(=O)COC)N2CCOC2=O,,0,1,
CC1=C(C(=CC=C1)[N+](=O)[O-])[N+](=O)[O-],,1,1,1
CC1=C(C(=CS1)C(=O)OC)S(=O)(=O)NC(=O)N2C(=O)N(C(=N2)OC)C,,0,1,0
CC1=C(C(=O)CC1OC(=O)C2C(C2(C)C)C=C(C)C)CC#C,,1,,
CC1=C(C(=O)C[C@@H]1OC(=O)[C@@H]2C(C2(C)C)C=C(C)C)C/C=C/C=C.CC1=C(C(=O)CC1OC(=O)[C@@H]2C(C2(C)C)/C=C(\C)/C(=O)OC)C/C=C/C=C,,1,,
CC1=C(C(=O)N(C(=O)N1)C(C)(C)C)Cl,,0,1,1
CC1=C(C(=O)N(N1)C)C(=O)C2=C(C=C(C=C2)C(F)(F)F)S(=O)(=O)C,,0,0,1
CC1=C(C=C(C(=C1[N+](=O)[O-])OC)C(C)(C)C)[N+](=O)[O-],,1,,
CC1=C(C=C(C=C1)N)Cl,,1,,
CC1=C(C=C(C=C1)N)N,,1,1,
CC1=C(C=C(C=C1)N)[N+](=O)[O-],,0,0,
CC1=C(C=C(C=C1[N+](=O)[O-])[N+](=O)[O-])C(=O)N,,0,,
CC1=C(C=CC(=C1)C(C(F)(F)F)(C(F)(F)F)F)NC(=O)C2=C(C(=CC=C2)I)C(=O)NC(C)(C)CS(=O)(=O)C,,1,0,
CC1=C(C=CC(=C1)Cl)OCC(=O)O,,0,0,
CC1=C(C=CC(=C1)Cl)O[C@H](C)C(=O)O,,0,,
CC1=C(C=CC(=C1)O)Cl,,1,,
CC1=C(C=CC(=C1)OC(=O)NC)N(C)C,,1,,
CC1=C(C=CC(=C1)OP(=S)(OC)OC)SC,,1,1,
CC1=C(C=CC(=C1)OP(=S)(OC)OC)[N+](=O)[O-],,1,1,
CC1=C(C=CC(=C1)[N+](=O)[O-])[N+](=O)[O-],,1,,
CC1=C(C=CC(=C1[N+](=O)[O-])N)[N+](=O)[O-],,1,,
CC1=C(C=CC(=C1[N+](=O)[O-])[N+](=O)[O-])[N+](=O)[O-],,1,,
CC1=C(C=CC=C1[N+](=O)[O-])N,,0,0,
CC1=C(C=CC=C1[N+](=O)[O-])[N+](=O)[O-],,0,0,
CC1=C(N=C(N=C1OC(=O)N(C)C)N(C)C)C,,1,0,
CC1=C(S(=O)(=O)CCS1(=O)=O)C,,0,,
CC1=C2C=CC=CC2=CC3=CC=CC=C13,,1,,
CC1=CC(=C(C(=C1)C)C2=C(C3(CCCC3)OC2=O)OC(=O)CC(C)(C)C)C,,1,1,
CC1=CC(=C(C(=C1)C)O)C,,1,1,
CC1=CC(=C(C(=C1)[N+](=O)[O-])N)[N+](=O)[O-],,0,,
CC1=CC(=C(C(=C1C(=O)C2=C(C=CC(=C2C)Br)OC)OC)OC)OC,,0,1,1
CC1=CC(=C(C=C1)C)C,,1,,
CC1=CC(=C(C=C1)N)C,,1,0,
CC1=CC(=C(C=C1)N=CN(C)C=NC2=C(C=C(C=C2)C)C)C,,1,,
CC1=CC(=C(C=C1)O)C,,1,1,
CC1=CC(=C(C=C1)O)N,,1,,
CC1=CC(=C(C=C1)[N+](=O)[O-])O,,0,,
CC1=CC(=C(C=C1)[N+](=O)[O-])[N+](=O)[O-],,1,,
CC1=CC(=C(C=C1[N+](=O)[O-])[N+](=O)[O-])C,,0,,
CC1=CC(=C(C=C1[N+](=O)[O-])[N+](=O)[O-])O,,1,,
CC1=CC(=CC(=C1)C(=O)N(C(C)(C)C)NC(=O)C2=C(C(=CC=C2)OC)C)C,,1,1,
CC1=CC(=CC(=C1)C)C,,1,,
CC1=CC(=CC(=C1)[N+](=O)[O-])[N+](=O)[O-],,0,,
CC1=CC(=CC(=C1Cl)C)O,,1,,
CC1=CC(=CC(=C1N(C)C)C)OC(=O)NC,,1,,
CC1=CC(=CC(=C1N)C)O,,1,,
CC1=CC(=CC(=C1NC(=O)C2=CC(=NN2C3=C(C=CC=N3)Cl)Br)C(=O)NC)C#N,,1,,
CC1=CC(=CC(=C1O)[N+](=O)[O-])[N+](=O)[O-],,1,1,
CC1=CC(=CC(=C1SC)C)OC(=O)NC,,1,,
CC1=CC(=CC=C1)C,,1,1,
CC1=CC(=CC=C1)NC(=O)OC2=CC=CC(=C2)NC(=O)OC,,0,1,
CC1=CC(=NC(=N1)NC(=O)NS(=O)(=O)C2=CC=CC=C2C(=O)OC)C,,0,1,1
CC1=CC(=NC(=N1)NC2=CC=CC=C2)C3CC3,,1,1,1
CC1=CC(=NC(=N1)NS(=O)(=O)C2=CC=C(C=C2)N)C,,0,1,
CC1=CC(=NC(=O)N1)C.C1=CC(=CC=C1NC(=O)NC2=CC=C(C=C2)[N+](=O)[O-])[N+](=O)[O-],,0,,
CC1=CC(=O)NO1,,0,0,
CC1=CC2=CC=CC=C2C=C1,,1,1,
CC1=CC2=NNN=C2C=C1,,0,,
CC1=CC=C(C=C1)C,,1,1,
CC1=CC=C(C=C1)C(C)C,,1,0,0
CC1=CC=C(C=C1)C2=C(N=C(N2S(=O)(=O)N(C)C)C#N)Cl,,1,1,1
CC1=CC=C(C=C1)O,,1,0,
CC1=CC=C(C=C1)S(=O)(=O)C(I)I,,1,,
CC1=CC=C(C=C1)[N+](=O)[O-],,0,1,
CC1=CC=CC2=CC=CC=C12,,1,1,
CC1=CC=CC=C1,,1,0,0
CC1=CC=CC=C1C,,1,1,
CC1=CCC(=C(C)C)CC1,,1,,
CC1=CCC(=CC1)C(C)C,,1,,
CC1=CCC(CC1)C(=C)C,,0,,
CC1=CC[C@@H](CC1)C(=C)C,,1,,
CC1=CC[C@H](CC1)C(=C)C,,1,,
CC1=CSC(=C1N(C(C)COC)C(=O)CCl)C,,0,,1
CC1=CSC(=C1N([C@@H](C)COC)C(=O)CCl)C,,0,,1
CC1=C[C@@H]2[C@]([C@@H](C1=O)O)([C@]3(C[C@H]([C@H]([C@@]34CO4)O2)O)C)CO,,1,,
CC1=NC(=NC(=N1)OC)NC(=O)NS(=O)(=O)C2=CC=CC=C2C(=O)OC,,0,1,1
CC1=NC(=NC(=N1)OC)NC(=O)NS(=O)(=O)C2=CC=CC=C2CCC(F)(F)F,,0,1,1
CC1=NC(=NC(=N1)OC)NC(=O)NS(=O)(=O)C2=CC=CC=C2OCCCl,,0,1,
CC1=NC(=NC=C1)NS(=O)(=O)C2=CC=C(C=C2)N,,0,,
CC1=NC2=NC(=NN2C=C1)S(=O)(=O)NC3=C(C=CC=C3F)F,,0,0,0
CC1=NN(C(=C1/C=N/OCC2=CC=C(C=C2)C(=O)OC(C)(C)C)OC3=CC=CC=C3)C,,1,,
CC1=NN(C(=O)N1C(F)F)C2=C(C=C(C(=C2)NS(=O)(=O)C)Cl)Cl,,0,1,1
CC1=NNC(=O)N(C1)/N=C/C2=CN=CC=C2,,0,0,
CC1CC(OC(O1)C)OC(=O)C,,0,1,
CC1CCC2=C3N1C=C(C(=O)C3=CC(=C2)F)C(=O)O,,0,1,
CC1CCCCC1,,1,1,
CC1CCCCC1NC(=O)NC2=CC=CC=C2,,0,1,
CC1OC(OC(OC(O1)C)C)C,,0,,
CCC(=O)C,,0,0,0
CCC(=O)NC1=CC(=C(C=C1)Cl)Cl,,1,1,1
CCC(=O)O,,0,,
CCC(C)(C)OC,,0,0,
CCC(C)(CC)C1=NOC(=C1)NC(=O)C2=C(C=CC=C2OC)OC,,1,,
CCC(C)N1C(=O)C(=C(NC1=O)C)Br,,0,1,1
CCC(C)O,,0,,
CCC(C)SP(=O)(N1CCSC1=O)OCC,,1,1,
CCC(C)SP(=O)(OCC)SC(C)CC,,1,,
CCC(CO)(CO)CO,,0,,
CCC/C(=N\OCC)/C1=C(CC(CC1=O)CC(C)SCC)O,,0,1,
CCC12COCN1COC2,,0,,
CCC1=C(C(=NC(=N1)N)N)C2=CC=C(C=C2)Cl,,1,1,
CCC1=CC(=CC(=C1C2=C(N3CCOCCN3C2=O)OC(=O)C(C)(C)C)CC)C,,1,0,
CCC1=CC=C(C=C1)C(=O)NN(C(=O)C2=CC(=CC(=C2)C)C)C(C)(C)C,,1,1,
CCC1=CC=C(C=C1)N,,1,1,
CCC1=CC=C(C=C1)O,,1,0,
CCC1=CC=CC(=C1N(C(C)COC)C(=O)CCl)C,,0,1,1
CCC1=CC=CC=C1,,1,0,0
CCC1=CC=CC=C1N,,0,0,
CCC1=NC(=CC(=N1)OP(=S)(OC)OC)OCC,,1,,
CCC1=NN(C(=C1Cl)C(=O)NCC2=CC=C(C=C2)C(C)(C)C)C,,1,,
CCC1=NN(C(=C1Cl)C(=O)NCC2=CC=C(C=C2)OC3=CC=C(C=C3)C)C,,1,1,
CCC1COC(=O)O1,,0,0,
CCC=O,,0,,
CCCC(CN1C=NC=N1)C2=C(C=C(C=C2)Cl)Cl,,1,,
CCCC/C=C/CC/C=C\CCCCCCOC(=O)C,,1,,
CCCCC,,1,,
CCCCC(CC)C(=O)O,,0,0,
CCCCC(CC)COC(=O)C1=CC=CC=C1C(=O)O,,1,0,
CCCCC(CC)COC(=O)C1=CC=CC=C1C(=O)OCCCC,,1,,
CCCCC(CC)COC(=O)COC1=C(C=C(C=C1)Cl)Cl,,1,0,1
CCCCC(CCC)COC(=O)C1=CC=CC=C1C(=O)OCCC(CC)CC,,1,,
CCCCC(CN1C=NC=N1)(C2=C(C=C(C=C2)Cl)Cl)O,,1,,
CCCCC1=CC=CC=C1,,1,1,
CCCCCC,,1,,
CCCCCC(C)(CC)C(=O)NC,,0,1,
CCCCCC(C)OC(=O)COC1=C2C(=C(C=C1)Cl)C=CC=N2,,0,,
CCCCCC1=CC=C(C=C1)O,,1,1,
CCCCCCC(=O)OC1=C(C=C(C=C1Br)C#N)Br,,1,1,
CCCCCCC(C)C1=C(C(=CC(=C1)[N+](=O)[O-])[N+](=O)[O-])OC(=O)/C=C/C,,1,,
CCCCCCC(C)C1=CC=CC=C1OP(=O)(OC2=CC=CC=C2)OC3=CC=CC=C3,,0,,
CCCCCCCC,,1,,
CCCCCCCC(=O)OC1=C(C=C(C=C1Br)C#N)Br,,1,1,1
CCCCCCCC/C=C\CCCOC(=O)C,,1,,
CCCCCCCCC(=O)O,,0,,
CCCCCCCCC1=CC=C(C=C1)N,,1,,
CCCCCCCCCC,,1,0,0
CCCCCCCCCC(=O)C,,1,1,
CCCCCCCCCC(=O)OC.CCCCCCCC(=O)OC,,1,,
CCCCCCCCCC1=CC=C(C=C1)O,,1,1,
CCCCCCCCCC1=CC=CC=C1O,,1,,
CCCCCCCCCCC1=CC=C(C=C1)N,,1,,
CCCCCCCCCCCCC/C=C\CCCCCCCC,,1,,
CCCCCCCCCCCCC1=CC=C(C=C1)N,,1,,
CCCCCCCCCCCCCCCCCCN,,1,,
CCCCCCCCCCCCCCCCCN,,1,,
CCCCCCCCCCCCCCCCN,,1,,
CCCCCCCCCCCCCCCCN(C)C,,1,1,
CCCCCCCCCCCCCCCN,,1,,
CCCCCCCCCCCCCCN,,1,,
CCCCCCCCCCCCCN,,1,,
CCCCCCCCCCCCCOC(=O)C1=CC=CC=C1C(=O)OCCCCCCCCCCCCC,,1,,
CCCCCCCCCCCCN,,1,,
CCCCCCCCCCCN,,1,,
CCCCCCCCCCCOC(=O)C1=CC=CC=C1C(=O)OCCCCCCCCCCC,,0,,
CCCCCCCCCCCOCCO,,1,,
CCCCCCCCCCN,,1,,
CCCCCCCCCCO,,1,1,
CCCCCCCCCCOC(=O)C1=CC=CC=C1C(=O)O,,0,0,
CCCCCCCCCN,,1,,
CCCCCCCCCS,,1,,
CCCCCCCCN,,1,1,
CCCCCCCCN1C(=O)C=CS1,,1,,
CCCCCCCCSC(=O)OC1=CC(=NN=C1C2=CC=CC=C2)Cl,,1,,
CCCCCCCCSCCO,,1,,
CCCCCCCN,,1,,
CCCCCCN,,1,,
CCCCCCNCCCCCC,,1,,
CCCCCCOC(=O)C1=CC=CC=C1C(=O)OCCCCCC,,1,,
CCCCCC[C@@H]1[C@H]([C@@H](OC(=O)[C@H]([C@H](OC1=O)C)NC(=O)C2=C(C(=CC=C2)NC=O)O)C)OC(=O)CC(C)C,,1,,
CCCCCN,,0,,
CCCCCN(CCCCC)CCCCC,,1,,
CCCCCOC(=O)C(C)O,,0,0,
CCCCCl,,0,0,
CCCCN,,0,,
CCCCN(CC)C(=O)SCCC,,1,1,1
CCCCN(CCCC)CCO,,0,0,
CCCCNC(=O)N1C2=CC=CC=C2N=C1NC(=O)OC,,1,1,
CCCCNC(=O)OCC#CI,,1,1,
CCCCO,,0,0,
CCCCOC(=O)C(C)OC1=CC=C(C=C1)OC2=NC=C(C=C2)C(F)(F)F,,0,,
CCCCOC(=O)C1=CC=C(C=C1)O,,1,,
CCCCOC(=O)[C@@H](C)OC1=CC=C(C=C1)OC2=C(C=C(C=C2)C#N)F,,1,,1
CCCCOC(=O)[C@@H](C)OC1=CC=C(C=C1)OC2=NC=C(C=C2)C(F)(F)F,,0,1,
CCCCOC(C)COC(=O)COC1=C(C=C(C=C1)Cl)Cl,,0,,
CCCCOCC(C)OCC(C)O,,0,,
CCCCOCCO,,0,0,
CCCCOCCOC(=O)C(C)OC1=C(C=C(C=C1)Cl)Cl,,0,,
CCCCOCCOC(=O)COC1=NC(=C(C=C1Cl)Cl)Cl,,0,,
CCCCOP(=O)(OCCCC)OC1=CC=CC=C1,,1,,
CCCCSP(=O)(SCCCC)SCCCC,,1,,1
CCCN,,0,,
CCCN(CC)CC1COC2(O1)CCC(CC2)C(C)(C)C,,1,1,1
CCCN(CCC)C(=O)SCC,,0,1,1
CCCN(CCC)C(=O)SCCC,,1,1,
CCCN(CCC)C1=C(C=C(C=C1[N+](=O)[O-])C(C)C)[N+](=O)[O-],,1,,
CCCN(CCC)C1=C(C=C(C=C1[N+](=O)[O-])C(F)(F)F)[N+](=O)[O-],,1,1,1
CCCN(CCC)C1=C(C=C(C=C1[N+](=O)[O-])S(=O)(=O)N)[N+](=O)[O-],,1,1,1
CCCN(CCCl)C1=C(C=C(C=C1[N+](=O)[O-])C(F)(F)F)[N+](=O)[O-],,1,,
CCCO,,0,,
CCCOC(=O)C1=CC=C(C=C1)O,,0,,
CCCOC(=O)C1=CN=C(C=C1)C(=O)OCCC,,0,,
CCCOP(=S)(OCCC)OP(=S)(OCCC)OCCC,,1,,
CCCSC1=CC2=C(C=C1)N=C(N2)NC(=O)OC,,1,,
CCCSP(=O)(OCC)OC1=C(C=C(C=C1)Br)Cl,,1,,
CCCSP(=S)(OCC)OC1=CC=C(C=C1)SC,,1,,
CCN(C1CCCCC1)C(=O)SCC,,0,,
CCN(CC)C(=O)/C(=C(\C)/OP(=O)(OC)OC)/Cl,,1,,
CCN(CC)C(=O)C(C)OC1=CC=CC2=CC=CC=C21,,0,,
CCN(CC)C(=O)C1=CC=CC(=C1)C,,0,,
CCN(CC)C1=C(C=C(C(=C1[N+](=O)[O-])N)C(F)(F)F)[N+](=O)[O-],,1,,
CCN(CC)C1=CC=CC=C1,,1,1,
CCN(CC)C1=NC(=CC(=N1)OP(=S)(OC)OC)C,,1,,
CCN(CC)C1CCCCC1,,1,,
CCN(CC1=C(C=CC=C1Cl)F)C2=C(C=C(C=C2[N+](=O)[O-])C(F)(F)F)[N+](=O)[O-],,1,1,
CCN1C=C(C(=O)C2=CC3=C(C=C21)OCO3)C(=O)O,,1,0,
CCN1CN(CN(C1)CC)CC,,0,,
CCNC(=O)NC(=O)/C(=N/OC)/C#N,,1,1,1
CCNC1=CC=CC2=CC=CC=C21,,1,,
CCNC1=NC(=NC(=N1)Cl)NC(C)(C)C,,0,1,1
CCNC1=NC(=NC(=N1)N)Cl,,0,1,
CCNC1=NC(=NC(=N1)OC)NC(C)(C)C,,0,1,
CCNC1=NC(=O)NC(=N1)NC(C)C,,1,,
CCNP(=S)(OC)O/C(=C/C(=O)OC(C)C)/C,,1,,
CCNS(=O)(=O)C(C(C(C(C(C(C(C(F)(F)F)(F)F)(F)F)(F)F)(F)F)(F)F)(F)F)(F)F,,1,,
CCO,,0,,0
CCOC(=O)C(C)OC1=CC=C(C=C1)O,,0,,
CCOC(=O)C(C)OC1=CC=C(C=C1)OC2=CN=C3C=C(C=CC3=N2)Cl,,1,,
CCOC(=O)C(C)OC1=CC=C(C=C1)OC2=NC3=C(O2)C=C(C=C3)Cl,,1,1,
CCOC(=O)C(C1=CC=CC=C1)SP(=S)(OC)OC,,1,,
CCOC(=O)C(CC1=CC(=C(C=C1Cl)F)N2C(=O)N(C(=N2)C)C(F)F)Cl,,1,1,1
CCOC(=O)C1=NN(C(C1)(C)C(=O)OCC)C2=C(C=C(C=C2)Cl)Cl,,0,,
CCOC(=O)C1=NOC(C1)(C2=CC=CC=C2)C3=CC=CC=C3,,1,1,
CCOC(=O)COC1=C(C=C(C(=C1)N2C(=O)C(=C(C=N2)C(F)(F)F)C)F)Cl,,1,1,1
CCOC(=O)CSC1=NC(=NN1C(=O)N(C)C)C(C)(C)C,,0,0,
CCOC(=O)NC1=CC(=CC=C1)OC(=O)NC2=CC=CC=C2,,1,1,1
CCOC(=O)NCCOC1=CC=C(C=C1)OC2=CC=CC=C2,,1,1,
CCOC1=C(C=CC(=C1)C(C)(C)C)C2COC(=N2)C3=C(C=CC=C3F)F,,1,,
CCOC1=C(C=CC(=C1)NC(=O)C)C(=O)OC,,0,,
CCOC1=C(C=CC(=C1)OC2=C(C=C(C=C2)C(F)(F)F)Cl)[N+](=O)[O-],,1,1,1
CCOC1=CC2=C(C=C1)NC(C=C2C)(C)C,,1,1,
CCOC1=NC(=CC2=NC(=NN21)S(=O)(=O)NC3=C(C=CC=C3Cl)Cl)F,,0,1,0
CCOC1=NC(=NC(=N1)NC(=O)NS(=O)(=O)C2=CC=CC=C2C(=O)OC)NC,,0,1,
CCOC1=NC(=NS1)C(Cl)(Cl)Cl,,1,1,1
CCOC1C(C2=C(O1)C=CC(=C2)OS(=O)(=O)C)(C)C,,0,1,
CCOCCOCCO,,0,0,
CCOCN1C(=C(C(=C1C(F)(F)F)Br)C#N)C2=CC=C(C=C2)Cl,,1,,
CCOP(=O)(NC(C)C)OC1=CC(=C(C=C1)SC)C,,1,0,
CCOP(=O)(OCC)OC1=CC=C(C=C1)[N+](=O)[O-],,1,,
CCOP(=O)(OCC)OC1=NC(=NC(=C1)C)C(C)C,,1,,
CCOP(=S)(C1=CC=CC=C1)OC2=CC=C(C=C2)[N+](=O)[O-],,1,,1
CCOP(=S)(CC)SC1=CC=CC=C1,,1,,
CCOP(=S)(NC(C)C)OC1=CC=CC=C1C(=O)OC(C)C,,1,,
CCOP(=S)(OC1=CN=C(N=C1)C(C)(C)C)OC(C)C,,1,,
CCOP(=S)(OCC)OC1=C(C=C(C=C1)Cl)Cl,,1,,
CCOP(=S)(OCC)OC1=NC2=CC=CC=C2N=C1,,1,,
CCOP(=S)(OCC)OC1=NN(C(=O)C=C1)C2=CC=CC=C2,,1,,
CCOP(=S)(OCC)SC1C(OCCO1)SP(=S)(OCC)OCC,,1,,
CCOP(=S)(OCC)SCCSCC,,1,,
CCS(=O)(=O)C1=C(N2C=CC=CC2=N1)S(=O)(=O)NC(=O)NC3=NC(=CC(=N3)OC)OC,,0,1,0
CCS(=O)(=O)C1=C(N=CC=C1)S(=O)(=O)NC(=O)NC2=NC(=CC(=N2)OC)OC,,0,1,1
CCS(=O)CCSP(=O)(OC)OC,,1,,
CCSC(=O)N(CC(C)C)CC(C)C,,0,1,
CCSC(=O)N1CCCCCC1,,1,1,1
CCSCCSP(=S)(OC)OC,,1,,
CC[C@@H]1[C@@]([C@@H]([C@H](C(=O)[C@@H](C[C@@]([C@@H]([C@H]([C@@H]([C@H](C(=O)O1)C)O[C@H]2C[C@@]([C@H]([C@@H](O2)C)O)(C)OC)C)O[C@H]3[C@@H]([C@H](C[C@H](O3)C)N(C)C)O)(C)O)C)C)O)(C)O.C(#N)S,,0,,
CC[C@@H]1[C@H](CC[C@@]2(O1)C[C@@H]3C[C@H](O2)C/C=C(/C[C@H](/C=C/C=C/4\CO[C@H]5[C@@]4([C@@H](C=C([C@H]5O)C)C(=O)O3)O)C)\C)C,,1,1,
CC[C@H]1CCC[C@@H]([C@H](C(=O)C2=C[C@@H]3[C@H]([C@@H]2CC(=O)O1)CC[C@H]4[C@H]3C[C@@H](C4)O[C@H]5[C@@H]([C@@H]([C@H]([C@@H](O5)C)OC)OCC)OC)C)O[C@H]6CC[C@@H]([C@H](O6)C)N(C)C,,1,,
CC[C@H]1CCC[C@@H]([C@H](C(=O)C2=C[C@H]3[C@@H]4C[C@@H](C[C@H]4C(=C[C@H]3[C@@H]2CC(=O)O1)C)O[C@H]5[C@@H]([C@@H]([C@H]([C@@H](O5)C)OC)OCC)OC)C)O[C@H]6CC[C@@H]([C@H](O6)C)N(C)C,,1,,
CN(C)C(=N)N=C(N)N,,0,,
CN(C)C(=O)C1=CC=CC=C1NS(=O)(=O)NC(=O)NC2=NC(=CC(=N2)OC)OC,,0,,
CN(C)C(=O)NC1=CC(=C(C=C1)Cl)Cl,,1,1,1
CN(C)C(=O)NC1=CC=CC(=C1)C(F)(F)F,,1,1,1
CN(C)C/C=C/CN(C)C,,0,,
CN(C)CCCN(C)C,,0,,
CN(C)CCOC(=O)C=C,,0,,
CN(C)N,,0,1,
CN(C)NC(=O)CCC(=O)O,,0,,
CN(C)S(=O)(=O)N(C1=CC=CC=C1)SC(F)(Cl)Cl,,1,1,
CN(C1=C(C=C(C=C1[N+](=O)[O-])[N+](=O)[O-])C(F)(F)F)C2=C(C=C(C=C2Br)Br)Br,,1,,
CN(CCO)O,,0,,
CN(CCO)S(=O)(=O)C(C(C(C(C(C(C(C(F)(F)F)(F)F)(F)F)(F)F)(F)F)(F)F)(F)F)(F)F,,0,,
CN/C(=N\[N+](=O)[O-])/NCC1=CN=C(S1)Cl,,0,0,
CN1C(=C(C(=N1)Cl)C(=O)OC)S(=O)(=O)NC(=O)NC2=NC(=CC(=N2)OC)OC,,0,1,1
CN1C(=CC(=[N+]1C)C2=CC=CC=C2)C3=CC=CC=C3.COS(=O)(=O)[O-],,1,,
CN1C(=NC(=O)N(C1=O)C2CCCCC2)N(C)C,,0,1,1
CN1C(=O)C2=C(S1)CCC2,,1,,
CN1C(=O)C2=CC=CC=C2S1,,1,1,1
CN1C=C(C(=N1)C(F)F)C(=O)NC2=CC=CC=C2C3CC3C4CC4,,1,1,1
CN1C=C(C(=O)C(=C1)C2=CC(=CC=C2)C(F)(F)F)C3=CC=CC=C3,,1,,
CN1CCCC1,,0,,
CN=C=S,,1,1,
CNC(=O)CSP(=O)(OC)OC,,1,,
CNC(=O)CSP(=S)(OC)OC,,1,0,0
CNC(=O)O/N=C(/C(=O)N(C)C)\SC,,1,1,1
CNC(=O)OC1=CC=CC(=C1)N=CN(C)C,,1,,
CNC1=C(C(=O)N(N=C1)C2=CC=CC(=C2)C(F)(F)F)Cl,,0,1,
CN[C@H]1CC[C@H](C2=CC=CC=C12)C3=CC(=C(C=C3)Cl)Cl,,1,1,
CO/C=C(\C1=CC=CC=C1OC2=NC=NC(=C2)OC3=CC=CC=C3C#N)/C(=O)OC,,1,1,1
COC(=O)C1=C(C(=C(C(=C1Cl)Cl)C(=O)OC)Cl)Cl,,0,,0
COC(=O)C1=C(C=CC(=C1)OC2=C(C=C(C=C2)Cl)Cl)[N+](=O)[O-],,1,1,
COC(=O)C1=CC=C(C=C1)O,,0,0,
COC(=O)C1=CC=CC=C1C(=O)O,,0,0,
COC(=O)C1=CC=CC=C1C(=O)OC,,0,0,0
COC(=O)C1=CC=CC=C1N,,0,,
COC(=O)C1=CC=CC=C1S(=O)(=O)NC(=O)NC2=NC(=CC(=N2)OC(F)F)OC(F)F,,0,,1
COC(=O)NC(=S)NC1=CC=CC=C1NC(=S)NC(=O)OC,,1,1,1
COC(=O)NC1=NC2=C(N1)C=C(C=C2)C(=O)C3=CC=C(C=C3)F,,1,,
COC(=O)NC1=NC2=C(N1)C=C(C=C2)S(=O)C3=CC=CC=C3,,1,,
COC(=O)NC1=NC2=C(N1)C=C(C=C2)SC3=CC=CC=C3,,1,,
COC(=O)NS(=O)(=O)C1=CC=C(C=C1)N,,0,1,
COC1=C(C=C(C=C1)C(=O)O)O,,0,,
COC1=C(C=C(C=C1)C(=O)O)OC,,0,,
COC1=C(C=CC(=C1)C(=O)O)O,,0,,0
COC1=C(C=CC(=C1)CCNC(=O)C(C2=CC=C(C=C2)Cl)OCC#C)OCC#C,,1,1,
COC1=C(C=CC(=C1)Cl)OC2=C(C=C(C=C2)Cl)Cl,,1,,
COC1=C(C=CC(=C1C(=O)O)Cl)Cl,,0,1,1
COC1=CC(=C(C=C1Cl)OC)Cl,,1,,
COC1=CC(=C(C=C1N)Cl)OC,,1,,
COC1=CC(=CC(=C1)O)OC,,1,,
COC1=CC(=CC(=C1O)OC)C(=O)O,,0,,
COC1=CC(=CC(=C1OC)OC)C(=O)O,,0,,
COC1=CC(=CC(=C1OC)OC)CC2=CN=C(N=C2N)N,,0,0,
COC1=CC(=NC(=N1)NC(=O)NS(=O)(=O)C2=C(C=CC(=C2)CNS(=O)(=O)C)C(=O)OC)OC,,0,1,0
COC1=CC(=NC(=N1)NC(=O)NS(=O)(=O)C2=C(C=CC=N2)C(F)(F)F)OC,,0,1,1
COC1=CC(=NC(=N1)NC(=O)NS(=O)(=O)C2=C(N=C3N2C=CC=C3)Cl)OC,,0,1,0
COC1=CC=C(C=C1)C(=O)O,,0,,
COC1=CC=C(C=C1)C(C2CC2)(C3=CN=CN=C3)O,,0,0,
COC1=CC=C(C=C1)N,,1,0,
COC1=CC=CC(=C1)N,,1,,
COC1=CC=CC=C1N,,1,,
COC1=CN=C(N2C1=NC(=N2)NS(=O)(=O)C3=C(C=CC=C3OCC(F)F)C(F)(F)F)OC,,0,0,0
COC1=NC(=NC(=C1)NS(=O)(=O)C2=CC=C(C=C2)N)OC,,0,1,
COC1=NC=C(C2=NC(=NN21)S(=O)(=O)NC3=C(C=CC=C3F)F)F,,0,0,0
COC1=NN(C(=O)S1)CSP(=S)(OC)OC,,1,1,
COCC(=O)NC1=C(C=CC(=C1)SC2=CC=CC=C2)N=C(NC(=O)OC)NC(=O)OC,,1,,
COCCOCCO,,0,,
COP(=O)(N)SC,,1,,
COP(=O)(OC)OC(C(Cl)(Cl)Br)Br,,1,1,1
COP(=S)(OC)OC1=CC=C(C=C1)SC2=CC=C(C=C2)OP(=S)(OC)OC,,1,,
COP(=S)(OC)OC1=CC=C(C=C1)[N+](=O)[O-],,1,,1
COP(=S)(OC)SCN1C(=O)C2=CC=CC=C2C1=O,,1,,
CS(=O)(=O)C1=C(C=CC(=C1)C(F)(F)F)C(=O)C2=C(ON=C2)C3CC3,,1,1,
CS(=O)(=O)C1=CC(=C(C=C1)C(=O)C2C(=O)CCCC2=O)[N+](=O)[O-],,0,1,0
CSC1=NC2=CC=CC=C2S1,,1,,
C[C@@H](C(=O)O)O,,0,0,
C[C@@H](CCCC(C)(C)OC)C/C=C/C(=C/C(=O)OC(C)C)/C,,1,,
C[C@@H]1CC(=O)C=C([C@]12C(=O)C3=C(O2)C(=C(C=C3OC)OC)Cl)OC,,0,,
C[C@@H]1CN(C[C@@H](O1)C)CC(C)CC2=CC=C(C=C2)C(C)(C)C,,1,1,
C[C@@]1([C@H]2C[C@H]3[C@@H](C(=O)C(=C([C@]3(C(=O)C2=C(C4=C(C=CC(=C41)Cl)O)O)O)O)C(=O)N)N(C)C)O,,0,,
C[C@@]12CC[C@@H](C1(C)C)C[C@H]2OC(=O)CSC#N,,1,,
C[C@@]12[C@H](C=C[C@@]3([C@@H]1[C@@H]([C@]45[C@H]3CC[C@](C4)(C(=C)C5)O)C(=O)O)OC2=O)O,,0,,
C[C@H](C(=O)O)OC1=C(C=C(C=C1)Cl)Cl,,0,,
C[C@H](C(=O)O)OC1=CC=C(C=C1)OC2=NC3=C(O2)C=C(C=C3)Cl,,0,1,
C[C@H](C(=O)OCC#C)OC1=CC=C(C=C1)OC2=C(C=C(C=N2)Cl)F,,0,1,
C[C@H](CS)C(=O)N1CCC[C@H]1C(=O)O,,0,,
C[C@H]1/C=C/C=C/2\CO[C@H]3[C@@]2([C@@H](C=C([C@H]3O)C)C(=O)O[C@H]4C[C@@H](C/C=C(/[C@H]1O[C@H]5C[C@@H]([C@H]([C@@H](O5)C)O[C@H]6C[C@@H]([C@H]([C@@H](O6)C)O)OC)OC)\C)O[C@]7(C4)C=C[C@@H]([C@H](O7)C8CCCCC8)C)O,,1,,
C[C@H]1CC2=C([C@@H]1NC3=NC(=NC(=N3)N)C(C)F)C=C(C=C2)C,,1,1,1
C[C@H]1CCCC(=O)CCC/C=C/C2=C(C(=CC(=C2)O)O)C(=O)O1,,1,,
C[C@H]1[C@@]([C@H]([C@@H](O1)O[C@@H]2[C@H]([C@@H]([C@H]([C@@H]([C@H]2O)O)N=C(N)N)O)N=C(N)N)O[C@H]3[C@H]([C@@H]([C@H]([C@@H](O3)CO)O)O)NC)(C=O)O,,0,,
C[C@]12CC[C@H]3[C@H]([C@@H]1CC[C@@H]2O)CCC4=C3C=CC(=C4)O,,1,,
C[C@]12CC[C@H]3[C@H]([C@@H]1CC[C@]2(C#C)O)CCC4=CC(=O)CC[C@H]34,,1,,
C(COP(=O)(N)N(CCCl)CCCl)C(=O)O,,,0,
C1CNP(=O)(OC1)NCCCl,,,0,
C1COCCN1CCCS(=O)(=O)O,,,0,
C1COP(=O)(NC1=O)N(CCCl)CCCl,,,0,
C(=O)C=O,,,0,
C(Br)(Br)Br,,,0,0
C(CN)N,,,0,
C(CNCCN)N,,,0,
C(CNCCNCCN)N,,,1,
C(CO[N+](=O)[O-])OCCO[N+](=O)[O-],,,0,
C/C=C/C=O,,,1,
C1(=C(C(=C(C(=C1Cl)Cl)Cl)Cl)O)O,,,1,
C1=C(C(=C(C(=C1Cl)Cl)Cl)O)Cl,,,1,
C1=C(C(=C(C(=C1Cl)Cl)Cl)O)O,,,1,
C1=C(C(=C(C(=C1Cl)Cl)O)Cl)Cl,,,1,1
C1=C(C(=CC(=C1Br)O)Br)O,,,0,
C1=C(C(=CC(=C1Cl)Cl)O)O,,,1,
C1=C(C(=O)C(=CC1=O)Br)Br,,,0,
C1=C(C(=O)C=C(C1=O)Br)Br,,,0,
C1=CC(=C(C(=C1)Br)O)Br,,,0,
C1=CC(=C(C(=C1)F)C(=O)NC(=O)NC2=CC(=C(C=C2)OC(C(OC(F)(F)F)F)(F)F)Cl)F,,,1,
C1=CC(=C(C(=C1O)Cl)Cl)Cl,,,1,
C1=CC(=C(C(=C1O)O)Cl)Cl,,,1,
C1=CC(=C(C=C1O)C(F)(F)F)[N+](=O)[O-],,,1,
C1=CC(=C(C=C1O)Cl)Cl,,,0,
C1=CC(=CC(=C1)Cl)NN=C(C#N)C#N,,,1,
C1=CC(=CC(=C1)Cl)O,,,0,
C1=CC(=CC(=C1)OC2=C(C=CC=N2)C(=O)NC3=C(C=C(C=C3)F)F)C(F)(F)F,,,1,
C1=CC(=CC=C1C2=C(C(=C(N2)C(F)(F)F)Br)C#N)Cl,,,1,1
C1=CC(=CC=C1[N+](=O)[O-])OC2=C(C=C(C=C2Cl)Cl)Cl,,,1,
C1=CC(=NC(=C1Cl)C(=O)O)Cl,,,1,
C1=CC=C(C=C1)N2C(=O)C(=C(C=N2)N)Cl,,,1,1
C1=CC=C(C=C1)OC2=CC=CC=C2,,,1,1
C1=CC=C2C(=C1)C3=CC=CC=C3O2,,,1,1
C1=CC=C2C(=C1)C=C3C=CC=CC3=N2,,,1,
C1C2C(C(C1Cl)Cl)C3(C(=C(C2(C3(Cl)Cl)Cl)Cl)Cl)Cl,,,1,
C1CC1C2=NC(=C(C(=N2)N)Cl)C(=O)O,,,0,0
C1C[N+]2=CC=CC=C2C3=CC=CC=[N+]31,,,1,1
C=C(Cl)Cl,,,0,0
CC(=O)C=C,,,1,
CC(C(=O)O)OC1=C(C=C(C=C1)Cl)Cl,,,0,
CC(C)(C)NC1=NC(=NC(=N1)N)SC,,,1,
CC(C)N(C1=CC=C(C=C1)F)C(=O)COC2=NN=C(S2)C(F)(F)F,,,1,1
CC(C)NC[C@@H](COC1=CC=C(C=C1)CC(=O)N)O,,,0,
CC(C)NC[C@H](COC1=CC=C(C=C1)CC(=O)N)O,,,0,
CC(C)OP(=O)(OC(C)C)F,,,0,
CC(CC1=CC=C(C=C1)C(C)(C)C)CN2CCCCC2,,,1,
CC1(C(C1C(=O)OCC2=CC(=CC=C2)OC3=CC=CC=C3)C=C(Cl)Cl)C.CN1C(=O)C(C(=O)N(C1=O)C)C(=O)NC2=CC(=C(C=C2)Cl)Cl,,,1,
CC12CC1(C(=O)N(C2=O)C3=CC(=CC(=C3)Cl)Cl)C,,,1,
CC1=C(C(=CC=C1)C(=O)OC)S(=O)(=O)NC(=O)NC2=NC(=NC(=N2)OCC(F)(F)F)N(C)C,,,1,1
CC1=C(C=C(C=C1)NC(=O)N(C)C)Cl,,,1,
CC1=C(S(=O)CCO1)C(=O)NC2=CC=CC=C2,,,1,
CC1=NC(=NC(=N1)OC)N(C)C(=O)NS(=O)(=O)C2=CC=CC=C2C(=O)OC,,,1,1
CC1CC(C2=C(C1(C)C)C=C(C(=C2)C(=O)C)C)(C)C,,,1,
CCC(CN1CCOCC1)[N+](=O)[O-],,,1,
CCC1=C(C(=CC=C1)CC)N(CC(=O)OCC)C(=O)CCl,,,1,
CCCC1=CC=CC=C1,,,1,
CCCCCCC(C)OC(=O)COC1=NC(=C(C(=C1Cl)N)Cl)F,,,1,1
CCCCN(CC)C1=C(C=C(C=C1[N+](=O)[O-])C(F)(F)F)[N+](=O)[O-],,,1,
CCCCOCCCC,,,0,0
CCCCS,,,0,
CCCOCC(=NC1=C(C=C(C=C1)Cl)C(F)(F)F)N2C=CN=C2,,,1,1
CCN(C1=CC=CC=C1)C(=O)OC2=CC=CC(=C2)NC(=O)OC(C)C,,,1,
CCN(CC)N=O,,,0,
CCNC1=NC(=NC(=N1)SC)NCC,,,1,
CCOC(=O)C1=C(N(N=C1)C)S(=O)(=O)NC(=O)NC2=NC(=CC(=N2)OC)OC,,,0,
CCOP(=S)(OCC)OC1=NC=CN=C1,,,0,
CC[C@@H]1[C@H](/C=C(/C=C/C(=O)[C@@H](C[C@@H]([C@@H]([C@H]([C@@H](CC(=O)O1)O)C)O[C@H]2[C@@H]([C@H]([C@@H]([C@H](O2)C)O[C@H]3C[C@@]([C@H]([C@@H](O3)C)O)(C)O)N(C)C)O)CC=O)C)\C)CO[C@H]4[C@@H]([C@@H]([C@@H]([C@H](O4)C)O)OC)OC,,,1,
CN(C)C(=O)C1=C(C=C(C=C1)NC=O)S(=O)(=O)NC(=O)NC2=NC(=CC(=N2)OC)OC,,,0,0
CN(C)C(=S)SSC(=S)N(C)C,,,1,
CN(C1=CC=CC=C1)C(=O)COC2=NC3=CC=CC=C3S2,,,1,
CN1C(=O)N(OC1=O)C2=CC(=C(C=C2)Cl)Cl,,,1,
CN1C2=C(N=C1Cl)N(C(=O)N(C2=O)C)C,,,0,
CNC(=O)C(=O)NC,,,0,
CNC(=O)N,,,0,
CNC(=O)N(C)C1=NC2=CC=CC=C2S1,,,1,
CNC(=O)NC,,,0,
COC(=O)C=C,,,0,
COC1=C(C(=C(C(=C1Cl)Cl)Cl)Cl)O,,,1,
COC1=C(C(=C(C(=C1Cl)Cl)Cl)OC)O,,,1,
COC1=C(C(=C(C=C1O)Cl)Cl)Cl,,,1,
COC1=CC(=C(C(=C1O)Cl)Cl)Cl,,,1,
COC1=CC(=C(C=C1O)Cl)Cl,,,1,
COC1=CC(=NC(=N1)NC(=O)NS(=O)(=O)CC2=CC=CC=C2C(=O)OC)OC,,,1,
COC1=CC(=NC(=N1)NC(=O)NS(=O)(=O)NC2=CC=CC=C2C(=O)C3CC3)OC,,,1,
CP(=O)(CCC(C(=O)O)N)O,,,0,
C[C@@H](C1=CC(=CC=C1)C(=O)C2=CC=CC=C2)C(=O)O,,,1,
C[C@@H]1C/C=C/C=C/[C@@H]([C@@H](C[C@@H]([C@@H]([C@H]([C@@H](CC(=O)O1)O)OC)OC2C(C(C(C(O2)C)OC3CC(C(C(O3)C)O)(C)O)N(C)C)O)CC=O)C)OC4CCC(C(O4)C)N(C)C,,,1,
C[C@H](C(=O)O)OC1=CC=C(C=C1)OC2=C(C=C(C=C2)Cl)Cl,,,1,
C[S+](C)C.C(C(=O)[O-])NCP(=O)(O)O,,,0,
C(Cl)(Br)Br,,,1,
C(Cl)(Cl)Br,,,0,
C(C=CCOC(=O)CBr)OC(=O)CBr,,,1,
C(C(CBr)Br)Cl,,,0,
C(CBr)CBr,,,0,
C1=CC=C(C(=C1)C#N)C#N,,,0,
CC=C1CC2CC1C=C2,,,1,
C=CC(CCl)Cl,,,0,
CC(=C)C=C,,,0,
C(=CC(F)(F)F)C#N,,,1,
C(C(C(Cl)(Cl)Cl)Cl)OCC(C(Cl)(Cl)Cl)Cl,,,1,
CC(Cl)Cl,,,0,
C1CCC(=CC1)C#N,,,0,
CCN(CC)CCSCC(=O)OC1CC(C(C(C23CCC(C1(C2C(=O)CC3)C)C)C)O)(C)C=C,,,1,
CCCCCCCCCCOC1C(C(C(C(O1)COC2C(C(C(C(O2)CO)O)O)O)O)O)O,,,1,1
C[C@]1(CCC[C@@]2(C1CCC(=C)[C@H]2CCC3=COC=C3)O)CO,,,1,
C[C@@]12CCC[C@@]3(C1CCC(=C)[C@H]3C[C@@H](C4=COC=C4)O)C(=O)OC2,,,1,
C=CC1=CC=CC=C1C=C,,,1,
CC(C)OP(=O)(OC(C)C)SCC1=CC=CC=C1,,,1,
CC(C)C1=CC=C(C=C1)N,,,0,
CC(C)C1=CC=CC2=CC=CC=C21,,,1,
CCC1C(C(C(C(=O)C(CC(C(C(C(C(C(=O)O1)C)OC2CC(C(C(O2)C)O)(C)OC)C)OC3C(C(CC(O3)C)N(C)C)O)(C)OC)C)C)O)(C)O,,,1,
CCC(C)C1=C(C(=CC=C1)C(C)CC)O,,,1,
CCC1CCCCC1,,,1,
CCCC1CC(N(C1)C)C(=O)NC(C2C(C(C(C(O2)SC)O)O)O)C(C)O,,,1,
CCCCC(CC)COC(=O)CC(C(=O)OCC(CC)CCCC)S(=O)(=O)O,,,0,
CCCCCCCCCC(=O)O,,,0,
CCCCCCCCCCCCOS(=O)(=O)O,,,0,1
CCOC(=O)CN1C2=C(C=CC=C2Cl)SC1=O,,,1,
CCC1=CC(=CC=C1)N,,,0,
CCC1=CC=C(C=C1)C2=CC=CC=C2,,,1,
CC1(C2CC3C(C(C(C(=O)C3(C(=O)C2=C(C4=C1C=CC=C4O)O)O)C(=O)N)O)N(C)C)O,,,1,
CN(C)C1=CC=C(C=C1)C(=N)C2=CC=C(C=C2)N(C)C,,,1,
COCCCCC(=NOCCN)C1=CC=C(C=C1)C(F)(F)F,,,1,
COC1=CC(=C(C=C1)OC)Cl,,,1,
CC(C)(C)C1=C(C=CC(=C1)OC)O,,,1,
CC(C1=CC2=C(C=C1)C=C(C=C2)OC)C(=O)O,,,0,
CC1=CC(=C(C=C1)Cl)N,,,1,
CC1=CC=C(C=C1)NC2=CC=C(C=C2)C,,,1,
CC1=CC2=CC=CC=C2C(=C1)C,,,1,
CC(C(=O)OC)OC1=CC=C(C=C1)OC2=C(C=C(C=N2)C(F)(F)F)Cl,,,1,
CNC1CCC(C2=CC=CC=C12)C3=CC(=C(C=C3)Cl)Cl,,,1,
C1=CC(=C(C=C1Br)F)F,,,0,
C1=CC(=C(C=C1[N+](=O)[O-])Cl)F,,,1,
C=C(C#N)Cl,,,1,
CC(=CC#N)N,,,1,
C(CCCC#N)CCC#N,,,0,
CCCCCCCCCCCC#N,,,1,
C1=CC=C(C(=C1)C#N)Cl,,,0,
C1=CC=C(C=C1)N=NC2=CC=C(C=C2)N,,,1,
CCN(CC)CC,,,1,
CCNCC,,,0,
CCCCNCCCC,,,0,
CCCCCCCCCCCCCCCCCCN(C)C,,,1,
CN(C)CCN(C)CCN(C)C,,,0,
C1CNCCN1,,,0,
C(CNCCNCCNCCN)N,,,1,
C(CNCCNCCNCCNCCN)N,,,1,
CNN,,,1,
C1=C(C=C(C(=C1Cl)NN)Cl)Cl,,,1,
CCC(=NO)C,,,0,
C1CCC(=NO)CC1,,,1,
CC(C)(C)NSC1=NC2=CC=CC=C2S1,,,1,
C1=CC=C2C(=C1)NC3=CC=CC=C3S2,,,1,
C1=CC=C(C=C1)NC2=CC=CC3=CC=CC=C32,,,1,
CC1=CC=CC=C1NC(=NC2=CC=CC=C2C)N,,,1,
C1=CC=C(C=C1)NC(=NC2=CC=CC=C2)N,,,1,
C(=S)(N)NN,,,0,
CC1CC(CCC1N)CC2CCC(C(C2)C)N,,,1,
CC(C)(C)N,,,0,
C(CCCN)CCN,,,0,
C1=CC(=CC(=C1)CN)CN,,,0,
C1=CC=C(C(=C1)N)N,,,1,
CC1=C(C=CC=C1N)N,,,0,
C1=CC(=C(C(=C1)Cl)Cl)N,,,1,
CC1=C(C=CC(=C1)N)N,,,1,
CC1=C(C=CC(=C1)C2=CC(=C(C=C2)N)C)N,,,1,
CC1=CC(=C(C(=C1)C)N)C,,,0,
C1=C(C=C(C(=C1Cl)N)Cl)Cl,,,1,
CC1=C(C(=CC=C1)C)N,,,0,
CCC1=C(C(=CC=C1)CC)N,,,0,
CC1=CC(=C(C=C1)C)N,,,0,
C1=CC(=C(C=C1Cl)N)Cl,,,1,
C1=CC(=CC=C1N)N,,,1,
C1=CC(=CC=C1CC2=CC=C(C=C2)N)N,,,0,
CC1=C(C=C(C=C1)N)C,,,1,
C1=CC(=CC(=C1)N)N,,,0,
CC1=C(C=C(C=C1N)[N+](=O)[O-])N,,,0,
C1=CC(=C(C=C1C(=O)O)N)Cl,,,0,
C1=CC2=C(C=CC=C2N)C(=C1)N,,,1,
CC(C)OCCO,,,0,
C(CCl)OCCCl,,,0,
COCCO,,,0,
CCOCCO,,,0,
CCCCOCCOCCO,,,0,
C1=CC=C(C=C1)COCC2=CC=CC=C2,,,1,
COC1=C(C=C(C=C1)CC=C)OC,,,0,
C1=CC(=CC=C1N)OC2=CC=C(C=C2)N,,,0,
CC(C)(C1=CC=C(C=C1)OCCO)C2=CC=C(C=C2)OCCO,,,0,
CC1(CCC(O1)(C)C)C,,,0,
C1CCC(=CC1)C2CCCCC2=O,,,0,
C1=CC(=CC=C1C(=O)C2=C(C(=C(C=C2)O)O)O)O,,,1,
CC(=O)C=CC1=CC=CC=C1,,,1,
C1CCC(=O)CC1,,,0,
CCCCCCCCC(=O)C,,,1,
CCCCCCCCC=CCCCCCCCC(=O)O,,,0,
CCCCCCCCCCCC(=O)C,,,1,
CC1(C2C(C3C(C(=O)C(=C(C3(C(=O)C2=C(C4=C1C=CC=C4O)O)O)O)C(=O)N)N(C)C)O)O,,,1,
C1=C(OC(=C1)[N+](=O)[O-])C=NNC(=O)N,,,1,
CC1=CC=CC=C1NC(=O)CC(=O)C,,,0,
C=CC(=O)O,,,1,
CC=CC=CC(=O)O,,,0,
C(CCC(=O)O)CC(=O)O,,,0,
CCCCCCCC(=O)O,,,0,
CC(C)(C)C1=CC(=C(C(=C1)C(C)(C)C)O)C(=O)O,,,1,
C1=CC=C2C=C(C(=CC2=C1)C(=O)O)O,,,0,
CC1=CC=C(C=C1)C(=O)O,,,0,
C12=C(C(=C(C(=C1Cl)Cl)Cl)Cl)C(=O)OC2=O,,,0,
CC1(CC(CC(N1)(C)C)OC(=O)CCCCCCCCC(=O)OC2CC(NC(C2)(C)C)(C)C)C,,,1,
CC(=C)C(=O)OC,,,0,
CCCCCCCCCCCC(=O)OC,,,1,
C=C1CC(=O)O1,,,1,
CC(=O)OC=C,,,1,
CC(C)COC(=O)C,,,0,
CC(C)COC(=O)C1=CC=CC=C1C(=O)OCC(C)C,,,1,
CCCCC(CC)COC(=O)C(=C)C,,,1,
CCOC(=O)C,,,0,
CCOC(=O)C(Cl)(Cl)Cl,,,0,
CCOC(=O)C=C,,,1,
CCOC(=O)CC(=O)OCC,,,0,
C=CCOC(=O)C1=CC=CC=C1C(=O)OCC=C,,,0,
C=CC(=O)OCCCCCCOC(=O)C=C,,,1,
CC(=C)C(=O)OCCN(C)C,,,1,
CC(=C)C(=O)OCCO,,,0,
C=CC(=O)OCCO,,,1,
CCCCC(CC)C(=O)OOC(C)(C)C,,,1,
CCC(C)C1=CC=CC=C1OC(=O)NC,,,0,
C1=CC=C2C(=C1)C=CC3=CC=CC=C3C2=O,,,1,
C1=CC=C(C=C1)C(=O)C2=CC=CC=C2,,,1,
C=CC(=O)OCCN1C(=O)N(C(=O)N(C1=O)CCOC(=O)C=C)CCOC(=O)C=C,,,0,
CC1=C2C(CCC1)C(=O)OC2=O,,,0,
COC1=CC2=C(C=C1)N=C3C=C(C(=O)C=C3O2)N,,,1,
CCC1C(C(C(C(=NOCOCCOC)C(CC(C(C(C(C(C(=O)O1)C)OC2CC(C(C(O2)C)O)(C)OC)C)OC3C(C(CC(O3)C)N(C)C)O)(C)O)C)C)O)(C)O,,,1,
C(=O)C(=O)O,,,0,
CCCC(C)C=O,,,1,
CC1C(C(C(O1)OC2C(C(C(C(C2O)O)N=C(N)N)O)N=C(N)N)OC3C(C(C(C(O3)CO)O)O)NC)(C=O)O,,,1,
C(CC=O)CC=O,,,1,
CSCCC=O,,,1,
CC1=CC(=C(C(=C1)C)C=O)C,,,1,
C1=CC=C(C=C1)C=O,,,0,
CCCCCCCCCCCC[N+](C)(C)[O-],,,1,
CCCCC(CC)COP(=O)(CC(CC)CCCC)O,,,0,
CC1=CC=CC=C1S(=O)(=O)N,,,0,
C1=CC(=CC=C1N)S(=O)(=O)N,,,0,
CC1=C(C=C(C=C1)[N+](=O)[O-])S(=O)(=O)O,,,0,
CC1=CC=C(C=C1)S(=O)(=O)Cl,,,0,
CC(=C)C(=O)O,,,0,
CC(C(=O)O)OC1=CC=C(C=C1)OC2=C(C=C(C=C2)Cl)Cl,,,1,
CCCCCCCCCCCC(=O)O,,,0,
CCOC1=NC(=NC(=N1)NC(=O)NS(=O)(=O)C2=CC=CC=C2C(=O)O)NC,,,0,
CC1(CC(CC(N1)(C)C)O)C,,,0,
CCC(CC)O,,,0,
CC(C)(C1CCC(CC1)O)C2CCC(CC2)O,,,0,
C(C(CCl)O)Cl,,,0,
CCC(CO)(CO)N,,,0,
CCCCCCCCO,,,0,
CCCCCCCCCO,,,1,
CCCCCCCCCCCCCO,,,1,
C(CO)O,,,0,
C(CS)O,,,1,
CCCCCCCCCCCCC1=CC=C(C=C1)S(=O)(=O)O,,,0,
C1=CC=C(C(=C1)N)O,,,1,
CC1=CC(=C(C(=C1)O)C)C,,,0,
C1=CC(=C(C=C1Br)Br)O,,,1,
C1=C(C=C(C(=C1Br)O)Br)Br,,,1,
CC(C)(C)C1=CC(=C(C=C1)O)C(C)(C)C,,,1,
CCC(C)(C)C1=CC(=C(C=C1)O)C(C)(C)CC,,,1,
CC1=CC(=C(C=C1)O)C(C)(C)C,,,1,
CC1=CC(=C(C(=C1)C(C)(C)C)O)C,,,1,
CC(C)(C)C1=CC=CC=C1O,,,1,
CCC(C)C1=CC=CC=C1O,,,1,
CCC1=CC=CC=C1O,,,0,
CC1=CC(=C(C=C1)C(C)(C)C)O,,,1,
CC1=CC(=C(C=C1)C)O,,,0,
CC1=C(C(=C(C=C1)C)O)C,,,0,
C1=CC(=C(C(=C1Cl)O)Cl)Cl,,,1,
CC1=CC(=CC(=C1)O)C,,,0,
C1=CC(=CC=C1C2=CC=C(C=C2)O)O,,,1,
C1=CC=C(C=C1)C2=CC=C(C=C2)O,,,1,
C1=CC(=CC=C1O)Br,,,1,
CCC(C)C1=CC=C(C=C1)O,,,1,
CC1=C(C=C(C=C1)O)C,,,0,
C1=CC=C2C=C(C=CC2=C1)O,,,1,
C1=C(C(=C(C(=C1Cl)Cl)O)O)Cl,,,1,
CCC1=CC(=CC=C1)O,,,0,
CCSSCC,,,1,
CCOP(=S)(OCC)OC1=NOC(=C1)C2=CC=CC=C2,,,1,
CCS,,,1,
CCCCCCCCCCS,,,1,
C1=CC=C(C=C1)S,,,1,
CC1=C(C=C(C=C1[N+](=O)[O-])N)N,,,0,
COC1=CC(=C(C=C1)N)[N+](=O)[O-],,,0,
C1=CC(=C(C=C1Cl)[N+](=O)[O-])O,,,1,
C1=CC(=C(C=C1N)[N+](=O)[O-])O,,,1,
C1=CC(=CC=C1CCl)[N+](=O)[O-],,,1,
C1=CC(=C(C=C1[N+](=O)[O-])Cl)Cl,,,1,
COC1=CC=CC(=C1)[N+](=O)[O-],,,0,
CC(=C)C1=CC=CC=C1,,,1,
C1=CC=C2C(=C1)C3=C4C2=CC5=CC=CC6=C5C4=C(C=C6)C=C3,,,1,
CC1=CC=CC=C1Cl,,,1,
C1=CC=C(C(=C1)CCl)Cl,,,1,
C1=CC=C2C=C(C=CC2=C1)N,,,1,
CC1=CC2=C(C=C1)C=CC(=C2)C,,,1,
CC1=CC=C(C=C1)Cl,,,1,
CC1=C(C=CC(=C1)Cl)Cl,,,1,
CC1=C(C=C(C=C1)Cl)Cl,,,1,
CC1=CC(=C(C=C1)Cl)Cl,,,1,
CC(C)C1=CC=CC=C1C(C)C,,,1,
C1CCC(CC1)C2=CC=CC=C2,,,1,
C1=CC=C(C=C1)C(Cl)Cl,,,0,
CN(C)C1C2CC3C(C4=CC=CC=C4C(=C3C(=O)C2(C(=C(C1=O)C(=O)N)O)O)O)O,,,1,
C1=CC=C2C(=C1)N=C3C=C(C(=O)C=C3O2)N,,,1,
CC1=C([N+](=O)C2=CC=CC=C2N1[O-])C(=O)NCCO,,,0,
CS(=O)(=O)C1=CC=C(C=C1)C(C(CO)NC(=O)C(Cl)Cl)O,,,1,
C1CN(CCN1)C2=C(C=C3C(=C2)N(C=C(C3=O)C(=O)O)C4=CC=C(C=C4)F)F,,,0,
CC1=CC(=O)C2=CC=CC=C2C1=O,,,1,
CC(=O)NC1=CC2=NC3=CC=CC=C3OC2=CC1=O,,,1,
C=CN1C2=CC=CC=C2C3=CC=CC=C31,,,1,
C1=CC2=C(C(=C1)O)N=CC=C2,,,1,
C=CC1=CC=CC=N1,,,0,
C1=CC=C(C=C1)C2=NC(=NC(=N2)N)N,,,0,
C=CC1=CC=NC=C1,,,1,
C1CCC2=C(C1)C=CC=N2,,,0,
CN1C=CN=C1,,,0,
COC1=CC(=NC(=N1)OC2=C(C(=CC=C2)OC3=NC(=CC(=N3)OC)OC)C(=O)O)OC,,,1,
CC(C(=O)O)OC1=CC=C(C=C1)OC2=CN=C3C=C(C=CC3=N2)Cl,,,1,
CC(C(=O)O)OC1=CC=C(C=C1)OC2=NC3=C(O2)C=C(C=C3)Cl,,,1,
C1=CC=C2C(=C1)C3=CC=CC=C3S2,,,1,
CCCCS(=N)(=O)CCC(C(=O)O)N,,,,0
CC(C)N1C(=O)C2=CC=CC=C2NS1(=O)=O,,,,0
CCN(CC)CC.C1=C(C(=NC(=C1Cl)Cl)OCC(=O)O)Cl,,,,0
CCOP(=S)(OCC)SCSC1=CC=C(C=C1)Cl,,,,1
CCOP(=S)(OCC)SCSCC,,,,1
COC1=C(C(=C(C=C1)Cl)Cl)Cl,,,,1
COC1=C(C(=CC=C1)Cl)Cl,,,,1
COC1=C(C=C(C=C1Cl)Cl)Cl,,,,1
COC1=C(C=CC=C1Cl)Cl,,,,1
COC1=CC(=CC(=C1)Cl)Cl,,,,1
COC1=CC=C(C=C1)Cl,,,,1
C(CCCO)CCC(=O)O,,,,0
CCCCCCCCCCCCCCCC(=O)O,,,,0
CCCCC/C=C\C/C=C\CCCCCCCC(=O)O,,,,0
CCCCCCCCCCCCCCCC(=O)OCC(CO)O,,,,1
C/C=C/C1=CC(=C(C=C1OC)OC)OC,,,,0
C([C@@H]1[C@H]([C@@H]([C@H]([C@H](O1)O[C@@H]2[C@@H]([C@H]([C@@H]([C@H](O2)CO)O)O)O)O)O)O)O,,,,0
CCCCCCCCCCCCCCCCCCCCCC(=O)OC,,,,0
CCCCCCCCCCCCCCCCCCCCCC(=O)OC,,,,1
CC(C)CCCC(C)CCCC(C)CCCC(C)(C=C)O,,,,0
CC(C)CCCC(C)CCCC(C)CCCC(C)(C=C)O,,,,0
C1=CC(=C(C=C1C2=C(C(=O)C3=C(C=C(C=C3O2)O)O)O[C@H]4[C@@H]([C@H]([C@@H]([C@H](O4)CO)O)O)O[C@H]5[C@@H]([C@H]([C@@H]([C@H](O5)CO)O)O)O)O)O,,,,0
C1=CC(=C(C=C1C2=C(C(=O)C3=C(C=C(C=C3O2)O)O)O[C@H]4[C@@H]([C@H]([C@H](O4)[C@@H](CO)O)O)O)O)O,,,,0
C1=CC(=C(C=C1C2=C(C(=O)C3=C(C=C(C=C3O2)O)O)O[C@H]4[C@@H]([C@H]([C@@H]([C@H](O4)C(=O)O)O)O)O)O)O,,,,0
C1=CC(=C(C=C1C2=C(C(=O)C3=C(C=C(C=C3O2)O)O)O)O)O,,,,0
CC1=CC=C(C=C1)C(C)(CCC=C(C)C)O,,,,0
C1=CC(=CC=C1CCO)O,,,,0
CCCCCCCCCCOC1[C@@H]([C@H]([C@@H]([C@H](O1)CO)O)O)O,,,,1
C1=CC(=C(C(=C1)O)O)O,,,,0
CC[C@H](/C=C/[C@@H](C)[C@H]1CC[C@@H]2[C@@]1(CC[C@H]3[C@H]2CC=C4[C@@]3(CC[C@@H](C4)O)C)C)C(C)C,,,,0
CC(C)CCCC(C)CCCC(C)CCCC(=CCC(CO)C(=C)CCCC(C)CCCC(C)CCCC(C)C)C,,,,0
C1=CN(C(=O)NC1=O)[C@H]2[C@@H]([C@@H]([C@H](O2)CO)O)O,,,,1
CCCCCCCCCCCCCC[C@H]([C@H]([C@H](CO)N)O)O,,,,1
B(C1=CC=CC=C1)(C2=CC=CC=C2)O,,,,1
B(C1=CC=CC=C1)(O)O,,,,0
[B-](C1=CC=CC=C1)(C2=CC=CC=C2)(C3=CC=CC=C3)[N+]4=CC=CC=C4,,,,1
